<NewDataSet><Table><ExtensionType>1</ExtensionType><ExtensionId>50143d68-efc2-47ce-8d2a-eb6c1c5ff599</ExtensionId><Settings>&lt;?xml version=&quot;1.0&quot; encoding=&quot;utf-16&quot;?&gt;
&lt;SerializableStringDictionary&gt;
  &lt;SerializableStringDictionary&gt;
    &lt;DictionaryEntry Key=&quot;content&quot; Value=&quot;&amp;lt;links&amp;gt;&amp;lt;link id=&amp;quot;78ec603d-ff01-4eb6-9003-9c4c47981468&amp;quot; title=&amp;quot;Jacob Benjamin Hallberg&amp;quot; url=&amp;quot;http://www.caringbridge.org/visit/jacobhallberg&amp;quot; newwindow=&amp;quot;True&amp;quot; /&amp;gt;&amp;lt;/links&amp;gt;&quot; /&gt;
  &lt;/SerializableStringDictionary&gt;
&lt;/SerializableStringDictionary&gt;</Settings></Table><Table><ExtensionType>0</ExtensionType><ExtensionId>SimpleCaptcha</ExtensionId><Settings>&lt;?xml version=&quot;1.0&quot; encoding=&quot;utf-16&quot;?&gt;
&lt;ManagedExtension xmlns:xsi=&quot;http://www.w3.org/2001/XMLSchema-instance&quot; xmlns:xsd=&quot;http://www.w3.org/2001/XMLSchema&quot; Name=&quot;SimpleCaptcha&quot;&gt;
  &lt;AdminPage /&gt;
  &lt;Author&gt;&amp;lt;a href=&quot;http://www.aaronstannard.com&quot;&amp;gt;Aaron Stannard&amp;lt;/a&amp;gt;&lt;/Author&gt;
  &lt;Description&gt;Settings for the SimpleCaptcha control&lt;/Description&gt;
  &lt;Enabled&gt;false&lt;/Enabled&gt;
  &lt;Priority&gt;2&lt;/Priority&gt;
  &lt;Settings&gt;
    &lt;Delimiter&gt;44&lt;/Delimiter&gt;
    &lt;Help&gt;To get started with SimpleCaptcha, just provide some captcha instructions for your users in the &amp;lt;b&amp;gt;CaptchaLabel&amp;lt;/b&amp;gt;
                                field and the value you require from your users in order to post a comment in the &amp;lt;b&amp;gt;CaptchaAnswer&amp;lt;/b&amp;gt; field.&lt;/Help&gt;
    &lt;Hidden&gt;false&lt;/Hidden&gt;
    &lt;Index&gt;0&lt;/Index&gt;
    &lt;IsScalar&gt;true&lt;/IsScalar&gt;
    &lt;KeyField&gt;CaptchaLabel&lt;/KeyField&gt;
    &lt;Name&gt;SimpleCaptcha&lt;/Name&gt;
    &lt;Parameters&gt;
      &lt;KeyField&gt;true&lt;/KeyField&gt;
      &lt;Label&gt;Your captcha&apos;s label&lt;/Label&gt;
      &lt;MaxLength&gt;30&lt;/MaxLength&gt;
      &lt;Name&gt;CaptchaLabel&lt;/Name&gt;
      &lt;ParamType&gt;String&lt;/ParamType&gt;
      &lt;Required&gt;true&lt;/Required&gt;
      &lt;SelectedValue /&gt;
      &lt;Values&gt;5+5 = &lt;/Values&gt;
    &lt;/Parameters&gt;
    &lt;Parameters&gt;
      &lt;KeyField&gt;true&lt;/KeyField&gt;
      &lt;Label&gt;Your captcha&apos;s expected value&lt;/Label&gt;
      &lt;MaxLength&gt;30&lt;/MaxLength&gt;
      &lt;Name&gt;CaptchaAnswer&lt;/Name&gt;
      &lt;ParamType&gt;String&lt;/ParamType&gt;
      &lt;Required&gt;true&lt;/Required&gt;
      &lt;SelectedValue /&gt;
      &lt;Values&gt;10&lt;/Values&gt;
    &lt;/Parameters&gt;
    &lt;Parameters&gt;
      &lt;KeyField&gt;false&lt;/KeyField&gt;
      &lt;Label&gt;Show Captcha For Authenticated Users&lt;/Label&gt;
      &lt;MaxLength&gt;1&lt;/MaxLength&gt;
      &lt;Name&gt;ShowForAuthenticatedUsers&lt;/Name&gt;
      &lt;ParamType&gt;Boolean&lt;/ParamType&gt;
      &lt;Required&gt;true&lt;/Required&gt;
      &lt;SelectedValue /&gt;
      &lt;Values&gt;False&lt;/Values&gt;
    &lt;/Parameters&gt;
    &lt;ShowAdd&gt;true&lt;/ShowAdd&gt;
    &lt;ShowDelete&gt;true&lt;/ShowDelete&gt;
    &lt;ShowEdit&gt;true&lt;/ShowEdit&gt;
  &lt;/Settings&gt;
  &lt;ShowSettings&gt;true&lt;/ShowSettings&gt;
  &lt;Version&gt;1.0&lt;/Version&gt;
&lt;/ManagedExtension&gt;</Settings></Table><Table><ExtensionType>0</ExtensionType><ExtensionId>AkismetFilter</ExtensionId><Settings>&lt;?xml version=&quot;1.0&quot; encoding=&quot;utf-16&quot;?&gt;
&lt;ManagedExtension xmlns:xsi=&quot;http://www.w3.org/2001/XMLSchema-instance&quot; xmlns:xsd=&quot;http://www.w3.org/2001/XMLSchema&quot; Name=&quot;AkismetFilter&quot;&gt;
  &lt;AdminPage /&gt;
  &lt;Author&gt;&amp;lt;a href=&quot;http://dotnetblogengine.net&quot;&amp;gt;BlogEngine.NET&amp;lt;/a&amp;gt;&lt;/Author&gt;
  &lt;Description&gt;Akismet anti-spam comment filter&lt;/Description&gt;
  &lt;Enabled&gt;false&lt;/Enabled&gt;
  &lt;Priority&gt;0&lt;/Priority&gt;
  &lt;Settings&gt;
    &lt;Delimiter&gt;44&lt;/Delimiter&gt;
    &lt;Help /&gt;
    &lt;Hidden&gt;false&lt;/Hidden&gt;
    &lt;Index&gt;0&lt;/Index&gt;
    &lt;IsScalar&gt;true&lt;/IsScalar&gt;
    &lt;KeyField&gt;SiteURL&lt;/KeyField&gt;
    &lt;Name&gt;AkismetFilter&lt;/Name&gt;
    &lt;Parameters&gt;
      &lt;KeyField&gt;false&lt;/KeyField&gt;
      &lt;Label&gt;Site URL&lt;/Label&gt;
      &lt;MaxLength&gt;100&lt;/MaxLength&gt;
      &lt;Name&gt;SiteURL&lt;/Name&gt;
      &lt;ParamType&gt;String&lt;/ParamType&gt;
      &lt;Required&gt;false&lt;/Required&gt;
      &lt;SelectedValue /&gt;
      &lt;Values&gt;http://example.com/blog&lt;/Values&gt;
    &lt;/Parameters&gt;
    &lt;Parameters&gt;
      &lt;KeyField&gt;false&lt;/KeyField&gt;
      &lt;Label&gt;API Key&lt;/Label&gt;
      &lt;MaxLength&gt;100&lt;/MaxLength&gt;
      &lt;Name&gt;ApiKey&lt;/Name&gt;
      &lt;ParamType&gt;String&lt;/ParamType&gt;
      &lt;Required&gt;false&lt;/Required&gt;
      &lt;SelectedValue /&gt;
      &lt;Values&gt;123456789&lt;/Values&gt;
    &lt;/Parameters&gt;
    &lt;ShowAdd&gt;true&lt;/ShowAdd&gt;
    &lt;ShowDelete&gt;true&lt;/ShowDelete&gt;
    &lt;ShowEdit&gt;true&lt;/ShowEdit&gt;
  &lt;/Settings&gt;
  &lt;ShowSettings&gt;true&lt;/ShowSettings&gt;
  &lt;Version&gt;1.0&lt;/Version&gt;
&lt;/ManagedExtension&gt;</Settings></Table><Table><ExtensionType>0</ExtensionType><ExtensionId>BBCode</ExtensionId><Settings>&lt;?xml version=&quot;1.0&quot; encoding=&quot;utf-16&quot;?&gt;
&lt;ManagedExtension xmlns:xsi=&quot;http://www.w3.org/2001/XMLSchema-instance&quot; xmlns:xsd=&quot;http://www.w3.org/2001/XMLSchema&quot; Name=&quot;BBCode&quot;&gt;
  &lt;AdminPage /&gt;
  &lt;Author&gt;&amp;lt;a href=&quot;http://dotnetblogengine.net&quot;&amp;gt;BlogEngine.NET&amp;lt;/a&amp;gt;&lt;/Author&gt;
  &lt;Description&gt;Converts BBCode to XHTML in the comments&lt;/Description&gt;
  &lt;Enabled&gt;true&lt;/Enabled&gt;
  &lt;Priority&gt;0&lt;/Priority&gt;
  &lt;Settings&gt;
    &lt;Delimiter&gt;44&lt;/Delimiter&gt;
    &lt;Help&gt;Converts BBCode to XHTML in the comments. Close tag is optional.&lt;/Help&gt;
    &lt;Hidden&gt;false&lt;/Hidden&gt;
    &lt;Index&gt;0&lt;/Index&gt;
    &lt;IsScalar&gt;false&lt;/IsScalar&gt;
    &lt;KeyField&gt;Code&lt;/KeyField&gt;
    &lt;Name&gt;BBCode&lt;/Name&gt;
    &lt;Parameters&gt;
      &lt;KeyField&gt;false&lt;/KeyField&gt;
      &lt;Label&gt;Code&lt;/Label&gt;
      &lt;MaxLength&gt;20&lt;/MaxLength&gt;
      &lt;Name&gt;Code&lt;/Name&gt;
      &lt;ParamType&gt;String&lt;/ParamType&gt;
      &lt;Required&gt;true&lt;/Required&gt;
      &lt;SelectedValue /&gt;
      &lt;Values&gt;b&lt;/Values&gt;
      &lt;Values&gt;i&lt;/Values&gt;
      &lt;Values&gt;u&lt;/Values&gt;
      &lt;Values&gt;quote&lt;/Values&gt;
    &lt;/Parameters&gt;
    &lt;Parameters&gt;
      &lt;KeyField&gt;false&lt;/KeyField&gt;
      &lt;Label&gt;Open Tag&lt;/Label&gt;
      &lt;MaxLength&gt;150&lt;/MaxLength&gt;
      &lt;Name&gt;OpenTag&lt;/Name&gt;
      &lt;ParamType&gt;String&lt;/ParamType&gt;
      &lt;Required&gt;true&lt;/Required&gt;
      &lt;SelectedValue /&gt;
      &lt;Values&gt;strong&lt;/Values&gt;
      &lt;Values&gt;em&lt;/Values&gt;
      &lt;Values&gt;span style=&quot;text-decoration:underline&quot;&lt;/Values&gt;
      &lt;Values&gt;cite title=&quot;Quote&quot;&lt;/Values&gt;
    &lt;/Parameters&gt;
    &lt;Parameters&gt;
      &lt;KeyField&gt;false&lt;/KeyField&gt;
      &lt;Label&gt;Close Tag&lt;/Label&gt;
      &lt;MaxLength&gt;100&lt;/MaxLength&gt;
      &lt;Name&gt;CloseTag&lt;/Name&gt;
      &lt;ParamType&gt;String&lt;/ParamType&gt;
      &lt;Required&gt;false&lt;/Required&gt;
      &lt;SelectedValue /&gt;
      &lt;Values /&gt;
      &lt;Values /&gt;
      &lt;Values&gt;span&lt;/Values&gt;
      &lt;Values&gt;cite&lt;/Values&gt;
    &lt;/Parameters&gt;
    &lt;ShowAdd&gt;true&lt;/ShowAdd&gt;
    &lt;ShowDelete&gt;true&lt;/ShowDelete&gt;
    &lt;ShowEdit&gt;true&lt;/ShowEdit&gt;
  &lt;/Settings&gt;
  &lt;ShowSettings&gt;true&lt;/ShowSettings&gt;
  &lt;Version&gt;1.0&lt;/Version&gt;
&lt;/ManagedExtension&gt;</Settings></Table><Table><ExtensionType>1</ExtensionType><ExtensionId>d9ada63d-3462-4c72-908e-9d35f0acce40</ExtensionId><Settings>&lt;?xml version=&quot;1.0&quot; encoding=&quot;utf-16&quot;?&gt;
&lt;SerializableStringDictionary&gt;
  &lt;SerializableStringDictionary&gt;
    &lt;DictionaryEntry Key=&quot;content&quot; Value=&quot;&amp;lt;div class=&amp;quot;content&amp;quot;&amp;gt;&amp;#xD;&amp;#xA;&amp;lt;p&amp;gt;Miracles for Mito is committed to raise money for national mitochondrial  disease research while providing local support, awareness and education to our  community.&amp;lt;/p&amp;gt;&amp;#xD;&amp;#xA;&amp;lt;/div&amp;gt;&quot; /&gt;
  &lt;/SerializableStringDictionary&gt;
&lt;/SerializableStringDictionary&gt;</Settings></Table><Table><ExtensionType>0</ExtensionType><ExtensionId>Smilies</ExtensionId><Settings>&lt;?xml version=&quot;1.0&quot; encoding=&quot;utf-16&quot;?&gt;
&lt;ManagedExtension xmlns:xsi=&quot;http://www.w3.org/2001/XMLSchema-instance&quot; xmlns:xsd=&quot;http://www.w3.org/2001/XMLSchema&quot; Name=&quot;Smilies&quot;&gt;
  &lt;AdminPage /&gt;
  &lt;Author&gt;BlogEngine.NET&lt;/Author&gt;
  &lt;Description&gt;Converts ASCII smilies into real smilies in the comments&lt;/Description&gt;
  &lt;Enabled&gt;true&lt;/Enabled&gt;
  &lt;Priority&gt;0&lt;/Priority&gt;
  &lt;ShowSettings&gt;true&lt;/ShowSettings&gt;
  &lt;Version&gt;1.3&lt;/Version&gt;
&lt;/ManagedExtension&gt;</Settings></Table><Table><ExtensionType>0</ExtensionType><ExtensionId>SyntaxHighlighter</ExtensionId><Settings>&lt;?xml version=&quot;1.0&quot; encoding=&quot;utf-16&quot;?&gt;
&lt;ManagedExtension xmlns:xsi=&quot;http://www.w3.org/2001/XMLSchema-instance&quot; xmlns:xsd=&quot;http://www.w3.org/2001/XMLSchema&quot; Name=&quot;SyntaxHighlighter&quot;&gt;
  &lt;AdminPage /&gt;
  &lt;Author&gt;&amp;lt;a target=&quot;_new&quot; href=&quot;http://dotnetblogengine.net/&quot;&amp;gt;BlogEngine.NET&amp;lt;/a&amp;gt;&lt;/Author&gt;
  &lt;Description&gt;Adds &amp;lt;a target=&quot;_new&quot; href=&quot;http://alexgorbatchev.com/wiki/SyntaxHighlighter&quot;&amp;gt;Alex Gorbatchev&apos;s&amp;lt;/a&amp;gt; source code formatter&lt;/Description&gt;
  &lt;Enabled&gt;true&lt;/Enabled&gt;
  &lt;Priority&gt;0&lt;/Priority&gt;
  &lt;Settings&gt;
    &lt;Delimiter&gt;44&lt;/Delimiter&gt;
    &lt;Help&gt;&amp;lt;p&amp;gt;This extension implements excellent Alex Gorbatchev&apos;s syntax highlighter JS library for source code formatting. Please refer to &amp;lt;a target=&quot;_new&quot; href=&quot;http://alexgorbatchev.com/wiki/SyntaxHighlighter:Usage&quot;&amp;gt;this site&amp;lt;/a&amp;gt; for usage.&amp;lt;/p&amp;gt;
&amp;lt;p&amp;gt;&amp;lt;b&amp;gt;auto-links&amp;lt;/b&amp;gt;: Allows you to turn detection of links in the highlighted element on and off. If the option is turned off, URLs won&apos;t be clickable.&amp;lt;/p&amp;gt;
&amp;lt;p&amp;gt;&amp;lt;b&amp;gt;collapse&amp;lt;/b&amp;gt;: Allows you to force highlighted elements on the page to be collapsed by default.&amp;lt;/p&amp;gt;
&amp;lt;p&amp;gt;&amp;lt;b&amp;gt;gutter&amp;lt;/b&amp;gt;:	Allows you to turn gutter with line numbers on and off.&amp;lt;/p&amp;gt;
&amp;lt;p&amp;gt;&amp;lt;b&amp;gt;light&amp;lt;/b&amp;gt;: Allows you to disable toolbar and gutter with a single property.&amp;lt;/p&amp;gt;
&amp;lt;p&amp;gt;&amp;lt;b&amp;gt;smart-tabs&amp;lt;/b&amp;gt;:	Allows you to turn smart tabs feature on and off.&amp;lt;/p&amp;gt;
&amp;lt;p&amp;gt;&amp;lt;b&amp;gt;tab-size&amp;lt;/b&amp;gt;: Allows you to adjust tab size.&amp;lt;/p&amp;gt;
&amp;lt;p&amp;gt;&amp;lt;b&amp;gt;toolbar&amp;lt;/b&amp;gt;: Toggles toolbar on/off.&amp;lt;/p&amp;gt;
&amp;lt;p&amp;gt;&amp;lt;b&amp;gt;wrap-lines&amp;lt;/b&amp;gt;: Allows you to turn line wrapping feature on and off.&amp;lt;/p&amp;gt;
&amp;lt;p&amp;gt;&amp;lt;a target=&quot;_new&quot; href=&quot;http://alexgorbatchev.com/wiki/SyntaxHighlighter:Configuration&quot;&amp;gt;more...&amp;lt;/a&amp;gt;&amp;lt;/p&amp;gt;
&lt;/Help&gt;
    &lt;Hidden&gt;false&lt;/Hidden&gt;
    &lt;Index&gt;0&lt;/Index&gt;
    &lt;IsScalar&gt;true&lt;/IsScalar&gt;
    &lt;KeyField&gt;gutter&lt;/KeyField&gt;
    &lt;Name&gt;Options&lt;/Name&gt;
    &lt;Parameters&gt;
      &lt;KeyField&gt;false&lt;/KeyField&gt;
      &lt;Label&gt;Gutter&lt;/Label&gt;
      &lt;MaxLength&gt;100&lt;/MaxLength&gt;
      &lt;Name&gt;gutter&lt;/Name&gt;
      &lt;ParamType&gt;Boolean&lt;/ParamType&gt;
      &lt;Required&gt;false&lt;/Required&gt;
      &lt;SelectedValue /&gt;
      &lt;Values&gt;True&lt;/Values&gt;
    &lt;/Parameters&gt;
    &lt;Parameters&gt;
      &lt;KeyField&gt;false&lt;/KeyField&gt;
      &lt;Label&gt;Smart tabs&lt;/Label&gt;
      &lt;MaxLength&gt;100&lt;/MaxLength&gt;
      &lt;Name&gt;smart-tabs&lt;/Name&gt;
      &lt;ParamType&gt;Boolean&lt;/ParamType&gt;
      &lt;Required&gt;false&lt;/Required&gt;
      &lt;SelectedValue /&gt;
      &lt;Values&gt;True&lt;/Values&gt;
    &lt;/Parameters&gt;
    &lt;Parameters&gt;
      &lt;KeyField&gt;false&lt;/KeyField&gt;
      &lt;Label&gt;Auto links&lt;/Label&gt;
      &lt;MaxLength&gt;100&lt;/MaxLength&gt;
      &lt;Name&gt;auto-links&lt;/Name&gt;
      &lt;ParamType&gt;Boolean&lt;/ParamType&gt;
      &lt;Required&gt;false&lt;/Required&gt;
      &lt;SelectedValue /&gt;
      &lt;Values&gt;True&lt;/Values&gt;
    &lt;/Parameters&gt;
    &lt;Parameters&gt;
      &lt;KeyField&gt;false&lt;/KeyField&gt;
      &lt;Label&gt;Collapse&lt;/Label&gt;
      &lt;MaxLength&gt;100&lt;/MaxLength&gt;
      &lt;Name&gt;collapse&lt;/Name&gt;
      &lt;ParamType&gt;Boolean&lt;/ParamType&gt;
      &lt;Required&gt;false&lt;/Required&gt;
      &lt;SelectedValue /&gt;
      &lt;Values&gt;False&lt;/Values&gt;
    &lt;/Parameters&gt;
    &lt;Parameters&gt;
      &lt;KeyField&gt;false&lt;/KeyField&gt;
      &lt;Label&gt;Light&lt;/Label&gt;
      &lt;MaxLength&gt;100&lt;/MaxLength&gt;
      &lt;Name&gt;light&lt;/Name&gt;
      &lt;ParamType&gt;Boolean&lt;/ParamType&gt;
      &lt;Required&gt;false&lt;/Required&gt;
      &lt;SelectedValue /&gt;
      &lt;Values&gt;False&lt;/Values&gt;
    &lt;/Parameters&gt;
    &lt;Parameters&gt;
      &lt;KeyField&gt;false&lt;/KeyField&gt;
      &lt;Label&gt;Tab size&lt;/Label&gt;
      &lt;MaxLength&gt;100&lt;/MaxLength&gt;
      &lt;Name&gt;tab-size&lt;/Name&gt;
      &lt;ParamType&gt;Integer&lt;/ParamType&gt;
      &lt;Required&gt;false&lt;/Required&gt;
      &lt;SelectedValue /&gt;
      &lt;Values&gt;4&lt;/Values&gt;
    &lt;/Parameters&gt;
    &lt;Parameters&gt;
      &lt;KeyField&gt;false&lt;/KeyField&gt;
      &lt;Label&gt;Toolbar&lt;/Label&gt;
      &lt;MaxLength&gt;100&lt;/MaxLength&gt;
      &lt;Name&gt;toolbar&lt;/Name&gt;
      &lt;ParamType&gt;Boolean&lt;/ParamType&gt;
      &lt;Required&gt;false&lt;/Required&gt;
      &lt;SelectedValue /&gt;
      &lt;Values&gt;True&lt;/Values&gt;
    &lt;/Parameters&gt;
    &lt;Parameters&gt;
      &lt;KeyField&gt;false&lt;/KeyField&gt;
      &lt;Label&gt;Wrap lines&lt;/Label&gt;
      &lt;MaxLength&gt;100&lt;/MaxLength&gt;
      &lt;Name&gt;wrap-lines&lt;/Name&gt;
      &lt;ParamType&gt;Boolean&lt;/ParamType&gt;
      &lt;Required&gt;false&lt;/Required&gt;
      &lt;SelectedValue /&gt;
      &lt;Values&gt;True&lt;/Values&gt;
    &lt;/Parameters&gt;
    &lt;ShowAdd&gt;true&lt;/ShowAdd&gt;
    &lt;ShowDelete&gt;true&lt;/ShowDelete&gt;
    &lt;ShowEdit&gt;true&lt;/ShowEdit&gt;
  &lt;/Settings&gt;
  &lt;Settings&gt;
    &lt;Delimiter&gt;44&lt;/Delimiter&gt;
    &lt;Help /&gt;
    &lt;Hidden&gt;false&lt;/Hidden&gt;
    &lt;Index&gt;1&lt;/Index&gt;
    &lt;IsScalar&gt;true&lt;/IsScalar&gt;
    &lt;KeyField&gt;shBrushBash&lt;/KeyField&gt;
    &lt;Name&gt;Brushes&lt;/Name&gt;
    &lt;Parameters&gt;
      &lt;KeyField&gt;false&lt;/KeyField&gt;
      &lt;Label&gt;Bash (bash, shell)&lt;/Label&gt;
      &lt;MaxLength&gt;100&lt;/MaxLength&gt;
      &lt;Name&gt;shBrushBash&lt;/Name&gt;
      &lt;ParamType&gt;Boolean&lt;/ParamType&gt;
      &lt;Required&gt;false&lt;/Required&gt;
      &lt;SelectedValue /&gt;
      &lt;Values&gt;False&lt;/Values&gt;
    &lt;/Parameters&gt;
    &lt;Parameters&gt;
      &lt;KeyField&gt;false&lt;/KeyField&gt;
      &lt;Label&gt;C++ (cpp, c)&lt;/Label&gt;
      &lt;MaxLength&gt;100&lt;/MaxLength&gt;
      &lt;Name&gt;shBrushCpp&lt;/Name&gt;
      &lt;ParamType&gt;Boolean&lt;/ParamType&gt;
      &lt;Required&gt;false&lt;/Required&gt;
      &lt;SelectedValue /&gt;
      &lt;Values&gt;False&lt;/Values&gt;
    &lt;/Parameters&gt;
    &lt;Parameters&gt;
      &lt;KeyField&gt;false&lt;/KeyField&gt;
      &lt;Label&gt;C# (c-sharp, csharp)&lt;/Label&gt;
      &lt;MaxLength&gt;100&lt;/MaxLength&gt;
      &lt;Name&gt;shBrushCSharp&lt;/Name&gt;
      &lt;ParamType&gt;Boolean&lt;/ParamType&gt;
      &lt;Required&gt;false&lt;/Required&gt;
      &lt;SelectedValue /&gt;
      &lt;Values&gt;True&lt;/Values&gt;
    &lt;/Parameters&gt;
    &lt;Parameters&gt;
      &lt;KeyField&gt;false&lt;/KeyField&gt;
      &lt;Label&gt;Css (css)&lt;/Label&gt;
      &lt;MaxLength&gt;100&lt;/MaxLength&gt;
      &lt;Name&gt;shBrushCss&lt;/Name&gt;
      &lt;ParamType&gt;Boolean&lt;/ParamType&gt;
      &lt;Required&gt;false&lt;/Required&gt;
      &lt;SelectedValue /&gt;
      &lt;Values&gt;True&lt;/Values&gt;
    &lt;/Parameters&gt;
    &lt;Parameters&gt;
      &lt;KeyField&gt;false&lt;/KeyField&gt;
      &lt;Label&gt;Delphi (delphi, pas, pascal)&lt;/Label&gt;
      &lt;MaxLength&gt;100&lt;/MaxLength&gt;
      &lt;Name&gt;shBrushDelphi&lt;/Name&gt;
      &lt;ParamType&gt;Boolean&lt;/ParamType&gt;
      &lt;Required&gt;false&lt;/Required&gt;
      &lt;SelectedValue /&gt;
      &lt;Values&gt;False&lt;/Values&gt;
    &lt;/Parameters&gt;
    &lt;Parameters&gt;
      &lt;KeyField&gt;false&lt;/KeyField&gt;
      &lt;Label&gt;Diff (diff, patch)&lt;/Label&gt;
      &lt;MaxLength&gt;100&lt;/MaxLength&gt;
      &lt;Name&gt;shBrushDiff&lt;/Name&gt;
      &lt;ParamType&gt;Boolean&lt;/ParamType&gt;
      &lt;Required&gt;false&lt;/Required&gt;
      &lt;SelectedValue /&gt;
      &lt;Values&gt;False&lt;/Values&gt;
    &lt;/Parameters&gt;
    &lt;Parameters&gt;
      &lt;KeyField&gt;false&lt;/KeyField&gt;
      &lt;Label&gt;Groovy (groovy)&lt;/Label&gt;
      &lt;MaxLength&gt;100&lt;/MaxLength&gt;
      &lt;Name&gt;shBrushGroovy&lt;/Name&gt;
      &lt;ParamType&gt;Boolean&lt;/ParamType&gt;
      &lt;Required&gt;false&lt;/Required&gt;
      &lt;SelectedValue /&gt;
      &lt;Values&gt;False&lt;/Values&gt;
    &lt;/Parameters&gt;
    &lt;Parameters&gt;
      &lt;KeyField&gt;false&lt;/KeyField&gt;
      &lt;Label&gt;Java (java)&lt;/Label&gt;
      &lt;MaxLength&gt;100&lt;/MaxLength&gt;
      &lt;Name&gt;shBrushJava&lt;/Name&gt;
      &lt;ParamType&gt;Boolean&lt;/ParamType&gt;
      &lt;Required&gt;false&lt;/Required&gt;
      &lt;SelectedValue /&gt;
      &lt;Values&gt;False&lt;/Values&gt;
    &lt;/Parameters&gt;
    &lt;Parameters&gt;
      &lt;KeyField&gt;false&lt;/KeyField&gt;
      &lt;Label&gt;JScript (js, jscript, javascript)&lt;/Label&gt;
      &lt;MaxLength&gt;100&lt;/MaxLength&gt;
      &lt;Name&gt;shBrushJScript&lt;/Name&gt;
      &lt;ParamType&gt;Boolean&lt;/ParamType&gt;
      &lt;Required&gt;false&lt;/Required&gt;
      &lt;SelectedValue /&gt;
      &lt;Values&gt;True&lt;/Values&gt;
    &lt;/Parameters&gt;
    &lt;Parameters&gt;
      &lt;KeyField&gt;false&lt;/KeyField&gt;
      &lt;Label&gt;PHP (php)&lt;/Label&gt;
      &lt;MaxLength&gt;100&lt;/MaxLength&gt;
      &lt;Name&gt;shBrushPhp&lt;/Name&gt;
      &lt;ParamType&gt;Boolean&lt;/ParamType&gt;
      &lt;Required&gt;false&lt;/Required&gt;
      &lt;SelectedValue /&gt;
      &lt;Values&gt;False&lt;/Values&gt;
    &lt;/Parameters&gt;
    &lt;Parameters&gt;
      &lt;KeyField&gt;false&lt;/KeyField&gt;
      &lt;Label&gt;Plain (plain, text)&lt;/Label&gt;
      &lt;MaxLength&gt;100&lt;/MaxLength&gt;
      &lt;Name&gt;shBrushPlain&lt;/Name&gt;
      &lt;ParamType&gt;Boolean&lt;/ParamType&gt;
      &lt;Required&gt;false&lt;/Required&gt;
      &lt;SelectedValue /&gt;
      &lt;Values&gt;True&lt;/Values&gt;
    &lt;/Parameters&gt;
    &lt;Parameters&gt;
      &lt;KeyField&gt;false&lt;/KeyField&gt;
      &lt;Label&gt;Python (py, python)&lt;/Label&gt;
      &lt;MaxLength&gt;100&lt;/MaxLength&gt;
      &lt;Name&gt;shBrushPython&lt;/Name&gt;
      &lt;ParamType&gt;Boolean&lt;/ParamType&gt;
      &lt;Required&gt;false&lt;/Required&gt;
      &lt;SelectedValue /&gt;
      &lt;Values&gt;False&lt;/Values&gt;
    &lt;/Parameters&gt;
    &lt;Parameters&gt;
      &lt;KeyField&gt;false&lt;/KeyField&gt;
      &lt;Label&gt;Ruby (rails, ror, ruby)&lt;/Label&gt;
      &lt;MaxLength&gt;100&lt;/MaxLength&gt;
      &lt;Name&gt;shBrushRuby&lt;/Name&gt;
      &lt;ParamType&gt;Boolean&lt;/ParamType&gt;
      &lt;Required&gt;false&lt;/Required&gt;
      &lt;SelectedValue /&gt;
      &lt;Values&gt;False&lt;/Values&gt;
    &lt;/Parameters&gt;
    &lt;Parameters&gt;
      &lt;KeyField&gt;false&lt;/KeyField&gt;
      &lt;Label&gt;Scala (scala)&lt;/Label&gt;
      &lt;MaxLength&gt;100&lt;/MaxLength&gt;
      &lt;Name&gt;shBrushScala&lt;/Name&gt;
      &lt;ParamType&gt;Boolean&lt;/ParamType&gt;
      &lt;Required&gt;false&lt;/Required&gt;
      &lt;SelectedValue /&gt;
      &lt;Values&gt;False&lt;/Values&gt;
    &lt;/Parameters&gt;
    &lt;Parameters&gt;
      &lt;KeyField&gt;false&lt;/KeyField&gt;
      &lt;Label&gt;SQL (sql)&lt;/Label&gt;
      &lt;MaxLength&gt;100&lt;/MaxLength&gt;
      &lt;Name&gt;shBrushSql&lt;/Name&gt;
      &lt;ParamType&gt;Boolean&lt;/ParamType&gt;
      &lt;Required&gt;false&lt;/Required&gt;
      &lt;SelectedValue /&gt;
      &lt;Values&gt;True&lt;/Values&gt;
    &lt;/Parameters&gt;
    &lt;Parameters&gt;
      &lt;KeyField&gt;false&lt;/KeyField&gt;
      &lt;Label&gt;VB (vb, vbnet)&lt;/Label&gt;
      &lt;MaxLength&gt;100&lt;/MaxLength&gt;
      &lt;Name&gt;shBrushVb&lt;/Name&gt;
      &lt;ParamType&gt;Boolean&lt;/ParamType&gt;
      &lt;Required&gt;false&lt;/Required&gt;
      &lt;SelectedValue /&gt;
      &lt;Values&gt;True&lt;/Values&gt;
    &lt;/Parameters&gt;
    &lt;Parameters&gt;
      &lt;KeyField&gt;false&lt;/KeyField&gt;
      &lt;Label&gt;XML (xml, xhtml, xslt, html, xhtml)&lt;/Label&gt;
      &lt;MaxLength&gt;100&lt;/MaxLength&gt;
      &lt;Name&gt;shBrushXml&lt;/Name&gt;
      &lt;ParamType&gt;Boolean&lt;/ParamType&gt;
      &lt;Required&gt;false&lt;/Required&gt;
      &lt;SelectedValue /&gt;
      &lt;Values&gt;True&lt;/Values&gt;
    &lt;/Parameters&gt;
    &lt;Parameters&gt;
      &lt;KeyField&gt;false&lt;/KeyField&gt;
      &lt;Label&gt;Cold Fusion (cf, coldfusion)&lt;/Label&gt;
      &lt;MaxLength&gt;100&lt;/MaxLength&gt;
      &lt;Name&gt;shBrushColdFusion&lt;/Name&gt;
      &lt;ParamType&gt;Boolean&lt;/ParamType&gt;
      &lt;Required&gt;false&lt;/Required&gt;
      &lt;SelectedValue /&gt;
      &lt;Values&gt;False&lt;/Values&gt;
    &lt;/Parameters&gt;
    &lt;Parameters&gt;
      &lt;KeyField&gt;false&lt;/KeyField&gt;
      &lt;Label&gt;Erlang (erlang, erl)&lt;/Label&gt;
      &lt;MaxLength&gt;100&lt;/MaxLength&gt;
      &lt;Name&gt;shBrushErlang&lt;/Name&gt;
      &lt;ParamType&gt;Boolean&lt;/ParamType&gt;
      &lt;Required&gt;false&lt;/Required&gt;
      &lt;SelectedValue /&gt;
      &lt;Values&gt;False&lt;/Values&gt;
    &lt;/Parameters&gt;
    &lt;Parameters&gt;
      &lt;KeyField&gt;false&lt;/KeyField&gt;
      &lt;Label&gt;JavaFX (jfx, javafx)&lt;/Label&gt;
      &lt;MaxLength&gt;100&lt;/MaxLength&gt;
      &lt;Name&gt;shBrushJavaFX&lt;/Name&gt;
      &lt;ParamType&gt;Boolean&lt;/ParamType&gt;
      &lt;Required&gt;false&lt;/Required&gt;
      &lt;SelectedValue /&gt;
      &lt;Values&gt;False&lt;/Values&gt;
    &lt;/Parameters&gt;
    &lt;Parameters&gt;
      &lt;KeyField&gt;false&lt;/KeyField&gt;
      &lt;Label&gt;Perl (perl, pl)&lt;/Label&gt;
      &lt;MaxLength&gt;100&lt;/MaxLength&gt;
      &lt;Name&gt;shBrushPerl&lt;/Name&gt;
      &lt;ParamType&gt;Boolean&lt;/ParamType&gt;
      &lt;Required&gt;false&lt;/Required&gt;
      &lt;SelectedValue /&gt;
      &lt;Values&gt;False&lt;/Values&gt;
    &lt;/Parameters&gt;
    &lt;Parameters&gt;
      &lt;KeyField&gt;false&lt;/KeyField&gt;
      &lt;Label&gt;PowerSell (ps, powershell)&lt;/Label&gt;
      &lt;MaxLength&gt;100&lt;/MaxLength&gt;
      &lt;Name&gt;shBrushPowerShell&lt;/Name&gt;
      &lt;ParamType&gt;Boolean&lt;/ParamType&gt;
      &lt;Required&gt;false&lt;/Required&gt;
      &lt;SelectedValue /&gt;
      &lt;Values&gt;False&lt;/Values&gt;
    &lt;/Parameters&gt;
    &lt;ShowAdd&gt;true&lt;/ShowAdd&gt;
    &lt;ShowDelete&gt;true&lt;/ShowDelete&gt;
    &lt;ShowEdit&gt;true&lt;/ShowEdit&gt;
  &lt;/Settings&gt;
  &lt;Settings&gt;
    &lt;Delimiter&gt;44&lt;/Delimiter&gt;
    &lt;Help /&gt;
    &lt;Hidden&gt;false&lt;/Hidden&gt;
    &lt;Index&gt;2&lt;/Index&gt;
    &lt;IsScalar&gt;true&lt;/IsScalar&gt;
    &lt;KeyField&gt;SelectedTheme&lt;/KeyField&gt;
    &lt;Name&gt;Themes&lt;/Name&gt;
    &lt;Parameters&gt;
      &lt;KeyField&gt;false&lt;/KeyField&gt;
      &lt;Label&gt;Themes&lt;/Label&gt;
      &lt;MaxLength&gt;20&lt;/MaxLength&gt;
      &lt;Name&gt;SelectedTheme&lt;/Name&gt;
      &lt;ParamType&gt;ListBox&lt;/ParamType&gt;
      &lt;Required&gt;false&lt;/Required&gt;
      &lt;SelectedValue&gt;Default&lt;/SelectedValue&gt;
      &lt;Values&gt;Default&lt;/Values&gt;
      &lt;Values&gt;Django&lt;/Values&gt;
      &lt;Values&gt;Eclipse&lt;/Values&gt;
      &lt;Values&gt;Emacs&lt;/Values&gt;
      &lt;Values&gt;FadeToGrey&lt;/Values&gt;
      &lt;Values&gt;MDUltra&lt;/Values&gt;
      &lt;Values&gt;Midnight&lt;/Values&gt;
      &lt;Values&gt;Dark&lt;/Values&gt;
    &lt;/Parameters&gt;
    &lt;ShowAdd&gt;true&lt;/ShowAdd&gt;
    &lt;ShowDelete&gt;true&lt;/ShowDelete&gt;
    &lt;ShowEdit&gt;true&lt;/ShowEdit&gt;
  &lt;/Settings&gt;
  &lt;ShowSettings&gt;true&lt;/ShowSettings&gt;
  &lt;Version&gt;2.5&lt;/Version&gt;
&lt;/ManagedExtension&gt;</Settings></Table><Table><ExtensionType>0</ExtensionType><ExtensionId>TypePadFilter</ExtensionId><Settings>&lt;?xml version=&quot;1.0&quot; encoding=&quot;utf-16&quot;?&gt;
&lt;ManagedExtension xmlns:xsi=&quot;http://www.w3.org/2001/XMLSchema-instance&quot; xmlns:xsd=&quot;http://www.w3.org/2001/XMLSchema&quot; Name=&quot;TypePadFilter&quot;&gt;
  &lt;AdminPage /&gt;
  &lt;Author&gt;&amp;lt;a href=&quot;http://lucsiferre.net&quot;&amp;gt;By Chris Nicola&amp;lt;/a&amp;gt;&lt;/Author&gt;
  &lt;Description&gt;TypePad anti-spam comment filter (based on AkismetFilter)&lt;/Description&gt;
  &lt;Enabled&gt;false&lt;/Enabled&gt;
  &lt;Priority&gt;0&lt;/Priority&gt;
  &lt;Settings&gt;
    &lt;Delimiter&gt;44&lt;/Delimiter&gt;
    &lt;Help /&gt;
    &lt;Hidden&gt;false&lt;/Hidden&gt;
    &lt;Index&gt;0&lt;/Index&gt;
    &lt;IsScalar&gt;true&lt;/IsScalar&gt;
    &lt;KeyField&gt;SiteURL&lt;/KeyField&gt;
    &lt;Name&gt;TypePadFilter&lt;/Name&gt;
    &lt;Parameters&gt;
      &lt;KeyField&gt;false&lt;/KeyField&gt;
      &lt;Label&gt;Site URL&lt;/Label&gt;
      &lt;MaxLength&gt;100&lt;/MaxLength&gt;
      &lt;Name&gt;SiteURL&lt;/Name&gt;
      &lt;ParamType&gt;String&lt;/ParamType&gt;
      &lt;Required&gt;false&lt;/Required&gt;
      &lt;SelectedValue /&gt;
      &lt;Values&gt;http://example.com/blog&lt;/Values&gt;
    &lt;/Parameters&gt;
    &lt;Parameters&gt;
      &lt;KeyField&gt;false&lt;/KeyField&gt;
      &lt;Label&gt;API Key&lt;/Label&gt;
      &lt;MaxLength&gt;100&lt;/MaxLength&gt;
      &lt;Name&gt;ApiKey&lt;/Name&gt;
      &lt;ParamType&gt;String&lt;/ParamType&gt;
      &lt;Required&gt;false&lt;/Required&gt;
      &lt;SelectedValue /&gt;
      &lt;Values&gt;123456789&lt;/Values&gt;
    &lt;/Parameters&gt;
    &lt;ShowAdd&gt;true&lt;/ShowAdd&gt;
    &lt;ShowDelete&gt;true&lt;/ShowDelete&gt;
    &lt;ShowEdit&gt;true&lt;/ShowEdit&gt;
  &lt;/Settings&gt;
  &lt;ShowSettings&gt;true&lt;/ShowSettings&gt;
  &lt;Version&gt;1.0&lt;/Version&gt;
&lt;/ManagedExtension&gt;</Settings></Table><Table><ExtensionType>0</ExtensionType><ExtensionId>BreakPost</ExtensionId><Settings>&lt;?xml version=&quot;1.0&quot; encoding=&quot;utf-16&quot;?&gt;
&lt;ManagedExtension xmlns:xsi=&quot;http://www.w3.org/2001/XMLSchema-instance&quot; xmlns:xsd=&quot;http://www.w3.org/2001/XMLSchema&quot; Name=&quot;BreakPost&quot;&gt;
  &lt;AdminPage /&gt;
  &lt;Author&gt;BlogEngine.NET&lt;/Author&gt;
  &lt;Description&gt;Breaks a post where [more] is found in the body and adds a link to full post&lt;/Description&gt;
  &lt;Enabled&gt;true&lt;/Enabled&gt;
  &lt;Priority&gt;1010&lt;/Priority&gt;
  &lt;ShowSettings&gt;true&lt;/ShowSettings&gt;
  &lt;Version&gt;1.4&lt;/Version&gt;
&lt;/ManagedExtension&gt;</Settings></Table><Table><ExtensionType>0</ExtensionType><ExtensionId>CodeFormatterExtension</ExtensionId><Settings>&lt;?xml version=&quot;1.0&quot; encoding=&quot;utf-16&quot;?&gt;
&lt;ManagedExtension xmlns:xsi=&quot;http://www.w3.org/2001/XMLSchema-instance&quot; xmlns:xsd=&quot;http://www.w3.org/2001/XMLSchema&quot; Name=&quot;CodeFormatterExtension&quot;&gt;
  &lt;AdminPage /&gt;
  &lt;Author&gt;www.manoli.net&lt;/Author&gt;
  &lt;Description&gt;Converts text to formatted syntax highlighted code (beta).&lt;/Description&gt;
  &lt;Enabled&gt;true&lt;/Enabled&gt;
  &lt;Priority&gt;0&lt;/Priority&gt;
  &lt;ShowSettings&gt;true&lt;/ShowSettings&gt;
  &lt;Version&gt;0.1&lt;/Version&gt;
&lt;/ManagedExtension&gt;</Settings></Table><Table><ExtensionType>0</ExtensionType><ExtensionId>Logger</ExtensionId><Settings>&lt;?xml version=&quot;1.0&quot; encoding=&quot;utf-16&quot;?&gt;
&lt;ManagedExtension xmlns:xsi=&quot;http://www.w3.org/2001/XMLSchema-instance&quot; xmlns:xsd=&quot;http://www.w3.org/2001/XMLSchema&quot; Name=&quot;Logger&quot;&gt;
  &lt;AdminPage /&gt;
  &lt;Author&gt;BlogEngine.NET&lt;/Author&gt;
  &lt;Description&gt;Subscribes to Log events and records the events in a file.&lt;/Description&gt;
  &lt;Enabled&gt;true&lt;/Enabled&gt;
  &lt;Priority&gt;0&lt;/Priority&gt;
  &lt;ShowSettings&gt;true&lt;/ShowSettings&gt;
  &lt;Version&gt;1.0&lt;/Version&gt;
&lt;/ManagedExtension&gt;</Settings></Table><Table><ExtensionType>0</ExtensionType><ExtensionId>Picasa2</ExtensionId><Settings>&lt;?xml version=&quot;1.0&quot; encoding=&quot;utf-16&quot;?&gt;
&lt;ManagedExtension xmlns:xsi=&quot;http://www.w3.org/2001/XMLSchema-instance&quot; xmlns:xsd=&quot;http://www.w3.org/2001/XMLSchema&quot; Name=&quot;Picasa2&quot;&gt;
  &lt;AdminPage&gt;~/User controls/Picasa/Admin.aspx&lt;/AdminPage&gt;
  &lt;Author&gt;&amp;lt;a href=&quot;http://rtur.net&quot;&amp;gt;Rtur.net&amp;lt;/a&amp;gt;&lt;/Author&gt;
  &lt;Description&gt;Picasa2 Web Albums and SlideShow&lt;/Description&gt;
  &lt;Enabled&gt;true&lt;/Enabled&gt;
  &lt;Priority&gt;0&lt;/Priority&gt;
  &lt;Settings&gt;
    &lt;Delimiter&gt;44&lt;/Delimiter&gt;
    &lt;Help /&gt;
    &lt;Hidden&gt;false&lt;/Hidden&gt;
    &lt;Index&gt;0&lt;/Index&gt;
    &lt;IsScalar&gt;true&lt;/IsScalar&gt;
    &lt;KeyField&gt;Account&lt;/KeyField&gt;
    &lt;Name&gt;Picasa2&lt;/Name&gt;
    &lt;Parameters&gt;
      &lt;KeyField&gt;false&lt;/KeyField&gt;
      &lt;Label&gt;Account&lt;/Label&gt;
      &lt;MaxLength&gt;100&lt;/MaxLength&gt;
      &lt;Name&gt;Account&lt;/Name&gt;
      &lt;ParamType&gt;String&lt;/ParamType&gt;
      &lt;Required&gt;false&lt;/Required&gt;
      &lt;SelectedValue /&gt;
      &lt;Values&gt;miraclesformito&lt;/Values&gt;
    &lt;/Parameters&gt;
    &lt;Parameters&gt;
      &lt;KeyField&gt;false&lt;/KeyField&gt;
      &lt;Label&gt;Password&lt;/Label&gt;
      &lt;MaxLength&gt;100&lt;/MaxLength&gt;
      &lt;Name&gt;Password&lt;/Name&gt;
      &lt;ParamType&gt;String&lt;/ParamType&gt;
      &lt;Required&gt;false&lt;/Required&gt;
      &lt;SelectedValue /&gt;
      &lt;Values&gt;samanthajacobcalvin&lt;/Values&gt;
    &lt;/Parameters&gt;
    &lt;Parameters&gt;
      &lt;KeyField&gt;false&lt;/KeyField&gt;
      &lt;Label&gt;ShowWidth&lt;/Label&gt;
      &lt;MaxLength&gt;100&lt;/MaxLength&gt;
      &lt;Name&gt;ShowWidth&lt;/Name&gt;
      &lt;ParamType&gt;String&lt;/ParamType&gt;
      &lt;Required&gt;false&lt;/Required&gt;
      &lt;SelectedValue /&gt;
      &lt;Values&gt;400&lt;/Values&gt;
    &lt;/Parameters&gt;
    &lt;Parameters&gt;
      &lt;KeyField&gt;false&lt;/KeyField&gt;
      &lt;Label&gt;PicWidth&lt;/Label&gt;
      &lt;MaxLength&gt;100&lt;/MaxLength&gt;
      &lt;Name&gt;PicWidth&lt;/Name&gt;
      &lt;ParamType&gt;String&lt;/ParamType&gt;
      &lt;Required&gt;false&lt;/Required&gt;
      &lt;SelectedValue /&gt;
      &lt;Values&gt;144&lt;/Values&gt;
    &lt;/Parameters&gt;
    &lt;Parameters&gt;
      &lt;KeyField&gt;false&lt;/KeyField&gt;
      &lt;Label&gt;AutoPlay&lt;/Label&gt;
      &lt;MaxLength&gt;100&lt;/MaxLength&gt;
      &lt;Name&gt;AutoPlay&lt;/Name&gt;
      &lt;ParamType&gt;Boolean&lt;/ParamType&gt;
      &lt;Required&gt;false&lt;/Required&gt;
      &lt;SelectedValue /&gt;
      &lt;Values&gt;True&lt;/Values&gt;
    &lt;/Parameters&gt;
    &lt;ShowAdd&gt;true&lt;/ShowAdd&gt;
    &lt;ShowDelete&gt;true&lt;/ShowDelete&gt;
    &lt;ShowEdit&gt;true&lt;/ShowEdit&gt;
  &lt;/Settings&gt;
  &lt;ShowSettings&gt;true&lt;/ShowSettings&gt;
  &lt;Version&gt;2.0&lt;/Version&gt;
&lt;/ManagedExtension&gt;</Settings></Table><Table><ExtensionType>1</ExtensionType><ExtensionId>f53e4769-b4d9-403a-b7ac-fd167d4603fd</ExtensionId><Settings>&lt;?xml version=&quot;1.0&quot; encoding=&quot;utf-16&quot;?&gt;
&lt;SerializableStringDictionary&gt;
  &lt;SerializableStringDictionary&gt;
    &lt;DictionaryEntry Key=&quot;content&quot; Value=&quot;&amp;lt;p&amp;gt;&amp;lt;img src=&amp;quot; http://www.miraclesformito.org/images/mito_blog_button_v1.gif &amp;quot; alt=&amp;quot;MiracleforMito.org &amp;quot; /&amp;gt;&amp;lt;/p&amp;gt;&amp;#xD;&amp;#xA;&amp;lt;div style=&amp;quot;width: 246px; height: 125px; overflow: auto; border: 1px solid #666666;&amp;quot;&amp;gt;&amp;amp;lt;a href=&amp;quot; http://www.miraclesformito.org/default.aspx&amp;quot; target=&amp;quot;_blank&amp;quot;&amp;amp;gt;&amp;amp;lt;img src=&amp;quot; http://www.miraclesformito.org/images/mito_blog_button_v1.gif &amp;quot; alt=&amp;quot;MiracleforMito.org&amp;quot; width=&amp;quot;125&amp;quot; height=&amp;quot;125&amp;quot; /&amp;amp;gt;&amp;amp;lt;/a&amp;amp;gt;&amp;lt;/div&amp;gt;&amp;#xD;&amp;#xA;&amp;lt;p&amp;gt;&amp;lt;img src=&amp;quot; http://www.miraclesformito.org/images/mito_blog_button_v2.gif &amp;quot; alt=&amp;quot;MiracleforMito.org &amp;quot; /&amp;gt;&amp;lt;/p&amp;gt;&amp;#xD;&amp;#xA;&amp;lt;div style=&amp;quot;width: 246px; height: 125px; overflow: auto; border: 1px solid #666666;&amp;quot;&amp;gt;&amp;amp;lt;a href=&amp;quot; http://www.miraclesformito.org/default.aspx&amp;quot; target=&amp;quot;_blank&amp;quot;&amp;amp;gt;&amp;amp;lt;img src=&amp;quot; http://www.miraclesformito.org/images/mito_blog_button_v2.gif &amp;quot; alt=&amp;quot;MiracleforMito.org&amp;quot; width=&amp;quot;125&amp;quot; height=&amp;quot;125&amp;quot; /&amp;amp;gt;&amp;amp;lt;/a&amp;amp;gt;&amp;lt;/div&amp;gt;&quot; /&gt;
  &lt;/SerializableStringDictionary&gt;
&lt;/SerializableStringDictionary&gt;</Settings></Table><Table><ExtensionType>1</ExtensionType><ExtensionId>be_WIDGET_ZONE</ExtensionId><Settings>&lt;?xml version=&quot;1.0&quot; encoding=&quot;utf-16&quot;?&gt;
&lt;WidgetData xmlns:xsi=&quot;http://www.w3.org/2001/XMLSchema-instance&quot; xmlns:xsd=&quot;http://www.w3.org/2001/XMLSchema&quot;&gt;
  &lt;Settings&gt;&amp;lt;widgets&amp;gt;&amp;lt;widget id=&quot;19baa5f6-49d4-4828-8f7f-018535c35f94&quot; title=&quot;Administration&quot; showTitle=&quot;True&quot;&amp;gt;Administration&amp;lt;/widget&amp;gt;&amp;lt;widget id=&quot;d9ada63d-3462-4c72-908e-9d35f0acce40&quot; title=&quot;About Miracles for Mito&quot; showTitle=&quot;True&quot;&amp;gt;TextBox&amp;lt;/widget&amp;gt;&amp;lt;widget id=&quot;d81c5ae3-e57e-4374-a539-5cdee45e639f&quot; title=&quot;Search&quot; showTitle=&quot;True&quot;&amp;gt;Search&amp;lt;/widget&amp;gt;&amp;lt;widget id=&quot;bd07b294-8a33-4b59-8c32-38c37fd275ba&quot; title=&quot;Calendar&quot; showTitle=&quot;True&quot;&amp;gt;Calendar&amp;lt;/widget&amp;gt;&amp;lt;widget id=&quot;9617c86d-4d9b-4f69-8233-76f6e63e9846&quot; title=&quot;Blogs&quot; showTitle=&quot;True&quot;&amp;gt;Blogroll&amp;lt;/widget&amp;gt;&amp;lt;widget id=&quot;50143d68-efc2-47ce-8d2a-eb6c1c5ff599&quot; title=&quot;Links&quot; showTitle=&quot;True&quot;&amp;gt;LinkList&amp;lt;/widget&amp;gt;&amp;lt;widget id=&quot;fc11f653-3d9a-41ec-b618-f6bfeae46b5a&quot; title=&quot;Newsletter&quot; showTitle=&quot;True&quot;&amp;gt;Newsletter&amp;lt;/widget&amp;gt;&amp;lt;widget id=&quot;f53e4769-b4d9-403a-b7ac-fd167d4603fd&quot; title=&quot;Grab one of our buttons&quot; showTitle=&quot;True&quot;&amp;gt;TextBox&amp;lt;/widget&amp;gt;&amp;lt;/widgets&amp;gt;&lt;/Settings&gt;
&lt;/WidgetData&gt;</Settings></Table><Table><ExtensionType>0</ExtensionType><ExtensionId>MediaElementPlayer</ExtensionId><Settings>&lt;?xml version=&quot;1.0&quot; encoding=&quot;utf-16&quot;?&gt;
&lt;ManagedExtension xmlns:xsi=&quot;http://www.w3.org/2001/XMLSchema-instance&quot; xmlns:xsd=&quot;http://www.w3.org/2001/XMLSchema&quot; Name=&quot;MediaElementPlayer&quot;&gt;
  &lt;AdminPage /&gt;
  &lt;Author&gt;&amp;lt;a href=&quot;http://johndyer.me/&quot;&amp;gt;John Dyer&amp;lt;/a&amp;gt;&lt;/Author&gt;
  &lt;Description&gt;HTML5 Video/Audio Player&lt;/Description&gt;
  &lt;Enabled&gt;true&lt;/Enabled&gt;
  &lt;Priority&gt;0&lt;/Priority&gt;
  &lt;Settings&gt;
    &lt;Delimiter&gt;44&lt;/Delimiter&gt;
    &lt;Help&gt;
&amp;lt;p&amp;gt;Build on &amp;lt;a href=&quot;http://mediaelement.js.com/&quot;&amp;gt;MediaElement.js&amp;lt;/a&amp;gt;, the HTML5 video/audio player.&amp;lt;/p&amp;gt;

&amp;lt;ol&amp;gt;
	&amp;lt;li&amp;gt;Upload media files to your /media/ folder&amp;lt;/li&amp;gt;
	&amp;lt;li&amp;gt;Add short code to your media: [video src=&quot;myfile.mp4&quot;] for video and [audio src=&quot;myfile.mp3&quot;] for audio&amp;lt;/li&amp;gt;
	&amp;lt;li&amp;gt;Customize with the following parameters:
		&amp;lt;ul&amp;gt;
			&amp;lt;li&amp;gt;&amp;lt;b&amp;gt;width&amp;lt;/b&amp;gt;: The exact width of the video&amp;lt;/li&amp;gt;
			&amp;lt;li&amp;gt;&amp;lt;b&amp;gt;height&amp;lt;/b&amp;gt;: The exact height of the video&amp;lt;/li&amp;gt;
			&amp;lt;li&amp;gt;&amp;lt;b&amp;gt;autoplay&amp;lt;/b&amp;gt;: Plays the video as soon as the webpage loads&amp;lt;/li&amp;gt;
		&amp;lt;/ul&amp;gt;
	&amp;lt;/li&amp;gt;
	&amp;lt;li&amp;gt;You can also specify multiple file formats and codecs 
		&amp;lt;ul&amp;gt;
			&amp;lt;li&amp;gt;&amp;lt;b&amp;gt;mp4&amp;lt;/b&amp;gt;: H.264 encoded MP4 file&amp;lt;/li&amp;gt;
			&amp;lt;li&amp;gt;&amp;lt;b&amp;gt;webm&amp;lt;/b&amp;gt;: VP8/WebM encoded file&amp;lt;/li&amp;gt;
			&amp;lt;li&amp;gt;&amp;lt;b&amp;gt;ogg&amp;lt;/b&amp;gt;: Theora/Vorbis encoded file&amp;lt;/li&amp;gt;
		&amp;lt;/ul&amp;gt;
	&amp;lt;/li&amp;gt;
&amp;lt;/ol&amp;gt;

&amp;lt;p&amp;gt;A complete example:&amp;lt;br /&amp;gt;
[code mp4=&quot;myfile.mp4&quot; webm=&quot;myfile.webm&quot; ogg=&quot;myfile.ogg&quot; width=&quot;480&quot; height=&quot;360&quot;]
&amp;lt;/p&amp;gt;

&amp;lt;p&amp;gt;Supported formats&amp;lt;/p&amp;gt;
&amp;lt;ul&amp;gt;
	&amp;lt;li&amp;gt;&amp;lt;b&amp;gt;MP4/MP3&amp;lt;/b&amp;gt;: Native HTML5 for IE9, Safari, Chrome; Flash in IE8, Firefox, Opera&amp;lt;/li&amp;gt;
	&amp;lt;li&amp;gt;&amp;lt;b&amp;gt;WebM&amp;lt;/b&amp;gt;: HTML5 for IE9, Chrome, Firefox, Opera; Flash in IE8 (coming in Flash 11)&amp;lt;/li&amp;gt;
	&amp;lt;li&amp;gt;&amp;lt;b&amp;gt;FLV&amp;lt;/b&amp;gt;: Flash fallback&amp;lt;/li&amp;gt;
	&amp;lt;li&amp;gt;&amp;lt;b&amp;gt;WMV/WMA&amp;lt;/b&amp;gt;: Silverlight fallback&amp;lt;/li&amp;gt;
&amp;lt;/ul&amp;gt;
&lt;/Help&gt;
    &lt;Hidden&gt;false&lt;/Hidden&gt;
    &lt;Index&gt;0&lt;/Index&gt;
    &lt;IsScalar&gt;true&lt;/IsScalar&gt;
    &lt;KeyField&gt;width&lt;/KeyField&gt;
    &lt;Name&gt;MediaElementPlayer&lt;/Name&gt;
    &lt;Parameters&gt;
      &lt;KeyField&gt;false&lt;/KeyField&gt;
      &lt;Label&gt;Default Width&lt;/Label&gt;
      &lt;MaxLength&gt;100&lt;/MaxLength&gt;
      &lt;Name&gt;width&lt;/Name&gt;
      &lt;ParamType&gt;String&lt;/ParamType&gt;
      &lt;Required&gt;false&lt;/Required&gt;
      &lt;SelectedValue /&gt;
      &lt;Values&gt;480&lt;/Values&gt;
    &lt;/Parameters&gt;
    &lt;Parameters&gt;
      &lt;KeyField&gt;false&lt;/KeyField&gt;
      &lt;Label&gt;Default Height&lt;/Label&gt;
      &lt;MaxLength&gt;100&lt;/MaxLength&gt;
      &lt;Name&gt;height&lt;/Name&gt;
      &lt;ParamType&gt;String&lt;/ParamType&gt;
      &lt;Required&gt;false&lt;/Required&gt;
      &lt;SelectedValue /&gt;
      &lt;Values&gt;360&lt;/Values&gt;
    &lt;/Parameters&gt;
    &lt;Parameters&gt;
      &lt;KeyField&gt;false&lt;/KeyField&gt;
      &lt;Label&gt;Folder for Media (MP4, MP3, WMV, Ogg, WebM, etc.)&lt;/Label&gt;
      &lt;MaxLength&gt;100&lt;/MaxLength&gt;
      &lt;Name&gt;folder&lt;/Name&gt;
      &lt;ParamType&gt;String&lt;/ParamType&gt;
      &lt;Required&gt;false&lt;/Required&gt;
      &lt;SelectedValue /&gt;
      &lt;Values&gt;media&lt;/Values&gt;
    &lt;/Parameters&gt;
    &lt;ShowAdd&gt;true&lt;/ShowAdd&gt;
    &lt;ShowDelete&gt;true&lt;/ShowDelete&gt;
    &lt;ShowEdit&gt;true&lt;/ShowEdit&gt;
  &lt;/Settings&gt;
  &lt;ShowSettings&gt;true&lt;/ShowSettings&gt;
  &lt;Version&gt;1.5&lt;/Version&gt;
&lt;/ManagedExtension&gt;</Settings></Table><Table><ExtensionType>0</ExtensionType><ExtensionId>MetaExtension</ExtensionId><Settings>&lt;?xml version=&quot;1.0&quot; encoding=&quot;utf-16&quot;?&gt;
&lt;ManagedExtension xmlns:xsi=&quot;http://www.w3.org/2001/XMLSchema-instance&quot; xmlns:xsd=&quot;http://www.w3.org/2001/XMLSchema&quot; Name=&quot;MetaExtension&quot;&gt;
  &lt;AdminPage /&gt;
  &lt;Author&gt;BlogEngine.net&lt;/Author&gt;
  &lt;Description&gt;Meta extension&lt;/Description&gt;
  &lt;Enabled&gt;true&lt;/Enabled&gt;
  &lt;Priority&gt;0&lt;/Priority&gt;
  &lt;Settings&gt;
    &lt;Delimiter&gt;44&lt;/Delimiter&gt;
    &lt;Help /&gt;
    &lt;Hidden&gt;false&lt;/Hidden&gt;
    &lt;Index&gt;0&lt;/Index&gt;
    &lt;IsScalar&gt;false&lt;/IsScalar&gt;
    &lt;KeyField&gt;ID&lt;/KeyField&gt;
    &lt;Name&gt;BeCommentFilters&lt;/Name&gt;
    &lt;Parameters&gt;
      &lt;KeyField&gt;true&lt;/KeyField&gt;
      &lt;Label&gt;ID&lt;/Label&gt;
      &lt;MaxLength&gt;20&lt;/MaxLength&gt;
      &lt;Name&gt;ID&lt;/Name&gt;
      &lt;ParamType&gt;Integer&lt;/ParamType&gt;
      &lt;Required&gt;true&lt;/Required&gt;
      &lt;SelectedValue /&gt;
      &lt;Values&gt;b225b9a3-d24b-4598-9a50-5697e677e485&lt;/Values&gt;
      &lt;Values&gt;465b115d-1bea-4f5e-9300-8a647ee8adcf&lt;/Values&gt;
      &lt;Values&gt;2f9957d7-844e-4d58-8d26-8625541a2878&lt;/Values&gt;
      &lt;Values&gt;8574b8e7-c01a-472d-b321-d72fd1cd4c45&lt;/Values&gt;
      &lt;Values&gt;b64ea9b5-a83a-495f-b03c-2f15370981cf&lt;/Values&gt;
      &lt;Values&gt;12c2b989-bed5-46e6-a035-2b6fdfacfd02&lt;/Values&gt;
      &lt;Values&gt;a849b88b-1309-4bf0-9b70-87be80c70ae3&lt;/Values&gt;
      &lt;Values&gt;fe4a095b-ace3-4588-92d5-3c5d520ef815&lt;/Values&gt;
      &lt;Values&gt;ca863582-9922-47f2-a4b2-77c41db8014e&lt;/Values&gt;
      &lt;Values&gt;117a6b7b-edaf-49e9-ba4d-99d2eee55392&lt;/Values&gt;
      &lt;Values&gt;622b3e8b-270a-4df5-86c6-78f4bb410813&lt;/Values&gt;
      &lt;Values&gt;f0bb8d03-8d03-4f82-8511-0ee504cdc210&lt;/Values&gt;
      &lt;Values&gt;12bce181-8f6d-4833-a907-95a8928f8296&lt;/Values&gt;
      &lt;Values&gt;29bf7aba-f22b-4fe8-946a-492b3a9304e6&lt;/Values&gt;
      &lt;Values&gt;6d130abf-dc7d-4e02-b961-2583ee112778&lt;/Values&gt;
      &lt;Values&gt;a9f6f0f4-a4bd-4a30-84be-b06ecfb28f63&lt;/Values&gt;
      &lt;Values&gt;3db8f2e1-eaf2-4010-9aad-3a61a5174f38&lt;/Values&gt;
      &lt;Values&gt;48fb2ca6-aa2c-4c73-8f54-e99048397ceb&lt;/Values&gt;
      &lt;Values&gt;acca0887-5077-42de-83cd-ed4aa16ebbc4&lt;/Values&gt;
      &lt;Values&gt;37f693ff-5f60-4785-be64-12fe5131de50&lt;/Values&gt;
      &lt;Values&gt;d476b103-8680-4b0f-9fbe-a20a57357a67&lt;/Values&gt;
      &lt;Values&gt;e1eb617a-4cf1-4f5e-a317-5c607aebaad0&lt;/Values&gt;
      &lt;Values&gt;6b8abf11-74ea-455f-a8bc-053bc5d4a993&lt;/Values&gt;
      &lt;Values&gt;4201c2bf-5864-4688-a4ac-78fe6136a3cf&lt;/Values&gt;
      &lt;Values&gt;d6563318-cfb0-424c-b2ef-d0183782ded8&lt;/Values&gt;
      &lt;Values&gt;3b5b6e65-ae24-443e-9507-81c2780ff2a9&lt;/Values&gt;
      &lt;Values&gt;0aae76b7-c74a-443d-bdb4-d95c168965f6&lt;/Values&gt;
      &lt;Values&gt;6a3b3dc6-f61e-433a-a1c3-0dd04ed159ec&lt;/Values&gt;
      &lt;Values&gt;918bb4ed-9319-41bc-8aee-6b1e58e922b0&lt;/Values&gt;
      &lt;Values&gt;390cb344-1710-4d71-b037-5b5bb5029b19&lt;/Values&gt;
      &lt;Values&gt;bfdd3601-77f8-43ff-938e-4b45ed0bf9c5&lt;/Values&gt;
      &lt;Values&gt;1a055e55-1fc4-4dd3-a63f-f62d4e2309f1&lt;/Values&gt;
      &lt;Values&gt;a126969b-68cb-470b-967b-9cb998553b95&lt;/Values&gt;
      &lt;Values&gt;a9126f06-4dbf-4311-8f85-7890b95ae453&lt;/Values&gt;
      &lt;Values&gt;005a779c-e1c3-44c2-89c4-017a037340ca&lt;/Values&gt;
      &lt;Values&gt;ac65fd95-35d9-49ee-a605-70f9e1c4b295&lt;/Values&gt;
      &lt;Values&gt;8c625c76-9d92-4f94-91bc-d2e9b48bc799&lt;/Values&gt;
      &lt;Values&gt;f09715df-b03e-4fbc-b584-965febf8770d&lt;/Values&gt;
      &lt;Values&gt;1c885b1e-28d3-42d8-845e-13f9def38e73&lt;/Values&gt;
      &lt;Values&gt;09755e66-ceea-40b9-96a9-89d8ce26fdce&lt;/Values&gt;
      &lt;Values&gt;984d5512-1b89-4d6a-8bca-b089f6f29352&lt;/Values&gt;
      &lt;Values&gt;6982039a-e8a2-46e4-bd11-4af21d9ad6d8&lt;/Values&gt;
    &lt;/Parameters&gt;
    &lt;Parameters&gt;
      &lt;KeyField&gt;false&lt;/KeyField&gt;
      &lt;Label&gt;Action&lt;/Label&gt;
      &lt;MaxLength&gt;100&lt;/MaxLength&gt;
      &lt;Name&gt;Action&lt;/Name&gt;
      &lt;ParamType&gt;String&lt;/ParamType&gt;
      &lt;Required&gt;false&lt;/Required&gt;
      &lt;SelectedValue /&gt;
      &lt;Values&gt;Block&lt;/Values&gt;
      &lt;Values&gt;Block&lt;/Values&gt;
      &lt;Values&gt;Block&lt;/Values&gt;
      &lt;Values&gt;Block&lt;/Values&gt;
      &lt;Values&gt;Block&lt;/Values&gt;
      &lt;Values&gt;Block&lt;/Values&gt;
      &lt;Values&gt;Block&lt;/Values&gt;
      &lt;Values&gt;Block&lt;/Values&gt;
      &lt;Values&gt;Block&lt;/Values&gt;
      &lt;Values&gt;Block&lt;/Values&gt;
      &lt;Values&gt;Block&lt;/Values&gt;
      &lt;Values&gt;Block&lt;/Values&gt;
      &lt;Values&gt;Block&lt;/Values&gt;
      &lt;Values&gt;Block&lt;/Values&gt;
      &lt;Values&gt;Block&lt;/Values&gt;
      &lt;Values&gt;Block&lt;/Values&gt;
      &lt;Values&gt;Block&lt;/Values&gt;
      &lt;Values&gt;Block&lt;/Values&gt;
      &lt;Values&gt;Block&lt;/Values&gt;
      &lt;Values&gt;Block&lt;/Values&gt;
      &lt;Values&gt;Block&lt;/Values&gt;
      &lt;Values&gt;Block&lt;/Values&gt;
      &lt;Values&gt;Block&lt;/Values&gt;
      &lt;Values&gt;Block&lt;/Values&gt;
      &lt;Values&gt;Block&lt;/Values&gt;
      &lt;Values&gt;Block&lt;/Values&gt;
      &lt;Values&gt;Block&lt;/Values&gt;
      &lt;Values&gt;Block&lt;/Values&gt;
      &lt;Values&gt;Block&lt;/Values&gt;
      &lt;Values&gt;Block&lt;/Values&gt;
      &lt;Values&gt;Block&lt;/Values&gt;
      &lt;Values&gt;Block&lt;/Values&gt;
      &lt;Values&gt;Block&lt;/Values&gt;
      &lt;Values&gt;Block&lt;/Values&gt;
      &lt;Values&gt;Block&lt;/Values&gt;
      &lt;Values&gt;Block&lt;/Values&gt;
      &lt;Values&gt;Block&lt;/Values&gt;
      &lt;Values&gt;Block&lt;/Values&gt;
      &lt;Values&gt;Block&lt;/Values&gt;
      &lt;Values&gt;Block&lt;/Values&gt;
      &lt;Values&gt;Block&lt;/Values&gt;
      &lt;Values&gt;Block&lt;/Values&gt;
    &lt;/Parameters&gt;
    &lt;Parameters&gt;
      &lt;KeyField&gt;false&lt;/KeyField&gt;
      &lt;Label&gt;Subject&lt;/Label&gt;
      &lt;MaxLength&gt;100&lt;/MaxLength&gt;
      &lt;Name&gt;Subject&lt;/Name&gt;
      &lt;ParamType&gt;String&lt;/ParamType&gt;
      &lt;Required&gt;false&lt;/Required&gt;
      &lt;SelectedValue /&gt;
      &lt;Values&gt;IP&lt;/Values&gt;
      &lt;Values&gt;IP&lt;/Values&gt;
      &lt;Values&gt;IP&lt;/Values&gt;
      &lt;Values&gt;IP&lt;/Values&gt;
      &lt;Values&gt;IP&lt;/Values&gt;
      &lt;Values&gt;IP&lt;/Values&gt;
      &lt;Values&gt;IP&lt;/Values&gt;
      &lt;Values&gt;IP&lt;/Values&gt;
      &lt;Values&gt;IP&lt;/Values&gt;
      &lt;Values&gt;IP&lt;/Values&gt;
      &lt;Values&gt;IP&lt;/Values&gt;
      &lt;Values&gt;IP&lt;/Values&gt;
      &lt;Values&gt;IP&lt;/Values&gt;
      &lt;Values&gt;IP&lt;/Values&gt;
      &lt;Values&gt;IP&lt;/Values&gt;
      &lt;Values&gt;IP&lt;/Values&gt;
      &lt;Values&gt;IP&lt;/Values&gt;
      &lt;Values&gt;IP&lt;/Values&gt;
      &lt;Values&gt;IP&lt;/Values&gt;
      &lt;Values&gt;IP&lt;/Values&gt;
      &lt;Values&gt;IP&lt;/Values&gt;
      &lt;Values&gt;IP&lt;/Values&gt;
      &lt;Values&gt;IP&lt;/Values&gt;
      &lt;Values&gt;IP&lt;/Values&gt;
      &lt;Values&gt;IP&lt;/Values&gt;
      &lt;Values&gt;IP&lt;/Values&gt;
      &lt;Values&gt;IP&lt;/Values&gt;
      &lt;Values&gt;IP&lt;/Values&gt;
      &lt;Values&gt;IP&lt;/Values&gt;
      &lt;Values&gt;IP&lt;/Values&gt;
      &lt;Values&gt;IP&lt;/Values&gt;
      &lt;Values&gt;IP&lt;/Values&gt;
      &lt;Values&gt;IP&lt;/Values&gt;
      &lt;Values&gt;IP&lt;/Values&gt;
      &lt;Values&gt;IP&lt;/Values&gt;
      &lt;Values&gt;IP&lt;/Values&gt;
      &lt;Values&gt;IP&lt;/Values&gt;
      &lt;Values&gt;IP&lt;/Values&gt;
      &lt;Values&gt;IP&lt;/Values&gt;
      &lt;Values&gt;IP&lt;/Values&gt;
      &lt;Values&gt;IP&lt;/Values&gt;
      &lt;Values&gt;IP&lt;/Values&gt;
    &lt;/Parameters&gt;
    &lt;Parameters&gt;
      &lt;KeyField&gt;false&lt;/KeyField&gt;
      &lt;Label&gt;Operator&lt;/Label&gt;
      &lt;MaxLength&gt;100&lt;/MaxLength&gt;
      &lt;Name&gt;Operator&lt;/Name&gt;
      &lt;ParamType&gt;String&lt;/ParamType&gt;
      &lt;Required&gt;false&lt;/Required&gt;
      &lt;SelectedValue /&gt;
      &lt;Values&gt;Equals&lt;/Values&gt;
      &lt;Values&gt;Equals&lt;/Values&gt;
      &lt;Values&gt;Equals&lt;/Values&gt;
      &lt;Values&gt;Equals&lt;/Values&gt;
      &lt;Values&gt;Equals&lt;/Values&gt;
      &lt;Values&gt;Equals&lt;/Values&gt;
      &lt;Values&gt;Equals&lt;/Values&gt;
      &lt;Values&gt;Equals&lt;/Values&gt;
      &lt;Values&gt;Equals&lt;/Values&gt;
      &lt;Values&gt;Equals&lt;/Values&gt;
      &lt;Values&gt;Equals&lt;/Values&gt;
      &lt;Values&gt;Equals&lt;/Values&gt;
      &lt;Values&gt;Equals&lt;/Values&gt;
      &lt;Values&gt;Equals&lt;/Values&gt;
      &lt;Values&gt;Equals&lt;/Values&gt;
      &lt;Values&gt;Equals&lt;/Values&gt;
      &lt;Values&gt;Equals&lt;/Values&gt;
      &lt;Values&gt;Equals&lt;/Values&gt;
      &lt;Values&gt;Equals&lt;/Values&gt;
      &lt;Values&gt;Equals&lt;/Values&gt;
      &lt;Values&gt;Equals&lt;/Values&gt;
      &lt;Values&gt;Equals&lt;/Values&gt;
      &lt;Values&gt;Equals&lt;/Values&gt;
      &lt;Values&gt;Equals&lt;/Values&gt;
      &lt;Values&gt;Equals&lt;/Values&gt;
      &lt;Values&gt;Equals&lt;/Values&gt;
      &lt;Values&gt;Equals&lt;/Values&gt;
      &lt;Values&gt;Equals&lt;/Values&gt;
      &lt;Values&gt;Equals&lt;/Values&gt;
      &lt;Values&gt;Equals&lt;/Values&gt;
      &lt;Values&gt;Equals&lt;/Values&gt;
      &lt;Values&gt;Equals&lt;/Values&gt;
      &lt;Values&gt;Equals&lt;/Values&gt;
      &lt;Values&gt;Equals&lt;/Values&gt;
      &lt;Values&gt;Equals&lt;/Values&gt;
      &lt;Values&gt;Equals&lt;/Values&gt;
      &lt;Values&gt;Equals&lt;/Values&gt;
      &lt;Values&gt;Equals&lt;/Values&gt;
      &lt;Values&gt;Equals&lt;/Values&gt;
      &lt;Values&gt;Equals&lt;/Values&gt;
      &lt;Values&gt;Equals&lt;/Values&gt;
      &lt;Values&gt;Equals&lt;/Values&gt;
    &lt;/Parameters&gt;
    &lt;Parameters&gt;
      &lt;KeyField&gt;false&lt;/KeyField&gt;
      &lt;Label&gt;Filter&lt;/Label&gt;
      &lt;MaxLength&gt;100&lt;/MaxLength&gt;
      &lt;Name&gt;Filter&lt;/Name&gt;
      &lt;ParamType&gt;String&lt;/ParamType&gt;
      &lt;Required&gt;false&lt;/Required&gt;
      &lt;SelectedValue /&gt;
      &lt;Values&gt;174.29.215.208&lt;/Values&gt;
      &lt;Values&gt;80.174.213.252&lt;/Values&gt;
      &lt;Values&gt;173.234.29.96&lt;/Values&gt;
      &lt;Values&gt;188.164.12.154&lt;/Values&gt;
      &lt;Values&gt;108.62.40.207&lt;/Values&gt;
      &lt;Values&gt;184.82.196.186&lt;/Values&gt;
      &lt;Values&gt;108.62.42.114&lt;/Values&gt;
      &lt;Values&gt;208.100.18.212&lt;/Values&gt;
      &lt;Values&gt;62.47.12.95&lt;/Values&gt;
      &lt;Values&gt;108.62.181.131&lt;/Values&gt;
      &lt;Values&gt;94.60.176.218&lt;/Values&gt;
      &lt;Values&gt;94.60.180.75&lt;/Values&gt;
      &lt;Values&gt;108.62.56.61&lt;/Values&gt;
      &lt;Values&gt;108.62.58.3&lt;/Values&gt;
      &lt;Values&gt;108.62.42.119&lt;/Values&gt;
      &lt;Values&gt;108.62.43.178&lt;/Values&gt;
      &lt;Values&gt;108.62.58.166&lt;/Values&gt;
      &lt;Values&gt;173.234.219.26&lt;/Values&gt;
      &lt;Values&gt;108.62.42.154&lt;/Values&gt;
      &lt;Values&gt;122.177.166.53&lt;/Values&gt;
      &lt;Values&gt;74.117.180.16&lt;/Values&gt;
      &lt;Values&gt;75.30.146.88&lt;/Values&gt;
      &lt;Values&gt;49.248.23.195&lt;/Values&gt;
      &lt;Values&gt;173.234.179.199&lt;/Values&gt;
      &lt;Values&gt;173.208.48.122&lt;/Values&gt;
      &lt;Values&gt;216.151.199.34&lt;/Values&gt;
      &lt;Values&gt;173.234.40.69&lt;/Values&gt;
      &lt;Values&gt;118.166.131.216&lt;/Values&gt;
      &lt;Values&gt;173.234.88.182&lt;/Values&gt;
      &lt;Values&gt;115.132.84.15&lt;/Values&gt;
      &lt;Values&gt;94.60.169.205&lt;/Values&gt;
      &lt;Values&gt;91.97.84.26&lt;/Values&gt;
      &lt;Values&gt;180.245.202.163&lt;/Values&gt;
      &lt;Values&gt;173.234.144.123&lt;/Values&gt;
      &lt;Values&gt;220.191.118.144&lt;/Values&gt;
      &lt;Values&gt;173.234.94.26&lt;/Values&gt;
      &lt;Values&gt;46.4.119.245&lt;/Values&gt;
      &lt;Values&gt;23.19.34.128&lt;/Values&gt;
      &lt;Values&gt;1.38.26.47&lt;/Values&gt;
      &lt;Values&gt;1.38.26.111&lt;/Values&gt;
      &lt;Values&gt;122.50.200.10&lt;/Values&gt;
      &lt;Values&gt;113.193.105.105&lt;/Values&gt;
    &lt;/Parameters&gt;
    &lt;ShowAdd&gt;true&lt;/ShowAdd&gt;
    &lt;ShowDelete&gt;true&lt;/ShowDelete&gt;
    &lt;ShowEdit&gt;true&lt;/ShowEdit&gt;
  &lt;/Settings&gt;
  &lt;Settings&gt;
    &lt;Delimiter&gt;44&lt;/Delimiter&gt;
    &lt;Help /&gt;
    &lt;Hidden&gt;false&lt;/Hidden&gt;
    &lt;Index&gt;1&lt;/Index&gt;
    &lt;IsScalar&gt;false&lt;/IsScalar&gt;
    &lt;KeyField&gt;FullName&lt;/KeyField&gt;
    &lt;Name&gt;BeCustomFilters&lt;/Name&gt;
    &lt;Parameters&gt;
      &lt;KeyField&gt;true&lt;/KeyField&gt;
      &lt;Label&gt;Name&lt;/Label&gt;
      &lt;MaxLength&gt;100&lt;/MaxLength&gt;
      &lt;Name&gt;FullName&lt;/Name&gt;
      &lt;ParamType&gt;String&lt;/ParamType&gt;
      &lt;Required&gt;true&lt;/Required&gt;
      &lt;SelectedValue /&gt;
      &lt;Values&gt;App_Code.Extensions.TypePadFilter&lt;/Values&gt;
      &lt;Values&gt;App_Code.Extensions.StopForumSpam&lt;/Values&gt;
      &lt;Values&gt;App_Code.Extensions.AkismetFilter&lt;/Values&gt;
    &lt;/Parameters&gt;
    &lt;Parameters&gt;
      &lt;KeyField&gt;false&lt;/KeyField&gt;
      &lt;Label&gt;Name&lt;/Label&gt;
      &lt;MaxLength&gt;100&lt;/MaxLength&gt;
      &lt;Name&gt;Name&lt;/Name&gt;
      &lt;ParamType&gt;String&lt;/ParamType&gt;
      &lt;Required&gt;false&lt;/Required&gt;
      &lt;SelectedValue /&gt;
      &lt;Values&gt;TypePadFilter&lt;/Values&gt;
      &lt;Values&gt;StopForumSpam&lt;/Values&gt;
      &lt;Values&gt;AkismetFilter&lt;/Values&gt;
    &lt;/Parameters&gt;
    &lt;Parameters&gt;
      &lt;KeyField&gt;false&lt;/KeyField&gt;
      &lt;Label&gt;Checked&lt;/Label&gt;
      &lt;MaxLength&gt;100&lt;/MaxLength&gt;
      &lt;Name&gt;Checked&lt;/Name&gt;
      &lt;ParamType&gt;String&lt;/ParamType&gt;
      &lt;Required&gt;false&lt;/Required&gt;
      &lt;SelectedValue /&gt;
      &lt;Values&gt;62&lt;/Values&gt;
      &lt;Values&gt;5108&lt;/Values&gt;
      &lt;Values&gt;0&lt;/Values&gt;
    &lt;/Parameters&gt;
    &lt;Parameters&gt;
      &lt;KeyField&gt;false&lt;/KeyField&gt;
      &lt;Label&gt;Cought&lt;/Label&gt;
      &lt;MaxLength&gt;100&lt;/MaxLength&gt;
      &lt;Name&gt;Cought&lt;/Name&gt;
      &lt;ParamType&gt;String&lt;/ParamType&gt;
      &lt;Required&gt;false&lt;/Required&gt;
      &lt;SelectedValue /&gt;
      &lt;Values&gt;56&lt;/Values&gt;
      &lt;Values&gt;4452&lt;/Values&gt;
      &lt;Values&gt;0&lt;/Values&gt;
    &lt;/Parameters&gt;
    &lt;Parameters&gt;
      &lt;KeyField&gt;false&lt;/KeyField&gt;
      &lt;Label&gt;Reported&lt;/Label&gt;
      &lt;MaxLength&gt;100&lt;/MaxLength&gt;
      &lt;Name&gt;Reported&lt;/Name&gt;
      &lt;ParamType&gt;String&lt;/ParamType&gt;
      &lt;Required&gt;false&lt;/Required&gt;
      &lt;SelectedValue /&gt;
      &lt;Values&gt;19&lt;/Values&gt;
      &lt;Values&gt;19&lt;/Values&gt;
      &lt;Values&gt;19&lt;/Values&gt;
    &lt;/Parameters&gt;
    &lt;Parameters&gt;
      &lt;KeyField&gt;false&lt;/KeyField&gt;
      &lt;Label&gt;Priority&lt;/Label&gt;
      &lt;MaxLength&gt;100&lt;/MaxLength&gt;
      &lt;Name&gt;Priority&lt;/Name&gt;
      &lt;ParamType&gt;String&lt;/ParamType&gt;
      &lt;Required&gt;false&lt;/Required&gt;
      &lt;SelectedValue /&gt;
      &lt;Values&gt;0&lt;/Values&gt;
      &lt;Values&gt;0&lt;/Values&gt;
      &lt;Values&gt;0&lt;/Values&gt;
    &lt;/Parameters&gt;
    &lt;ShowAdd&gt;true&lt;/ShowAdd&gt;
    &lt;ShowDelete&gt;true&lt;/ShowDelete&gt;
    &lt;ShowEdit&gt;true&lt;/ShowEdit&gt;
  &lt;/Settings&gt;
  &lt;ShowSettings&gt;true&lt;/ShowSettings&gt;
  &lt;Version&gt;1.0&lt;/Version&gt;
&lt;/ManagedExtension&gt;</Settings></Table><Table><ExtensionType>0</ExtensionType><ExtensionId>PrettyPhoto2</ExtensionId><Settings>&lt;?xml version=&quot;1.0&quot; encoding=&quot;utf-16&quot;?&gt;
&lt;ManagedExtension xmlns:xsi=&quot;http://www.w3.org/2001/XMLSchema-instance&quot; xmlns:xsd=&quot;http://www.w3.org/2001/XMLSchema&quot; Name=&quot;PrettyPhoto2&quot;&gt;
  &lt;AdminPage /&gt;
  &lt;Author&gt;&amp;lt;a href=&quot;http://rtur.net&quot;&amp;gt;Rtur.net&amp;lt;/a&amp;gt;&lt;/Author&gt;
  &lt;Description&gt;PrettyPhoto2 - jQuery lightbox clone&lt;/Description&gt;
  &lt;Enabled&gt;true&lt;/Enabled&gt;
  &lt;Priority&gt;0&lt;/Priority&gt;
  &lt;ShowSettings&gt;true&lt;/ShowSettings&gt;
  &lt;Version&gt;1.0&lt;/Version&gt;
&lt;/ManagedExtension&gt;</Settings></Table><Table><ExtensionType>0</ExtensionType><ExtensionId>Recaptcha</ExtensionId><Settings>&lt;?xml version=&quot;1.0&quot; encoding=&quot;utf-16&quot;?&gt;
&lt;ManagedExtension xmlns:xsi=&quot;http://www.w3.org/2001/XMLSchema-instance&quot; xmlns:xsd=&quot;http://www.w3.org/2001/XMLSchema&quot; Name=&quot;Recaptcha&quot;&gt;
  &lt;AdminPage /&gt;
  &lt;Author&gt;&amp;lt;a href=&quot;http://www.bloodforge.com&quot;&amp;gt;Bloodforge.com&amp;lt;/a&amp;gt;&lt;/Author&gt;
  &lt;Description&gt;Settings for the Recaptcha control&lt;/Description&gt;
  &lt;Enabled&gt;true&lt;/Enabled&gt;
  &lt;Priority&gt;0&lt;/Priority&gt;
  &lt;Settings&gt;
    &lt;Delimiter&gt;44&lt;/Delimiter&gt;
    &lt;Help&gt;
&amp;lt;script type=&apos;text/javascript&apos;&amp;gt;
function showRecaptchaLog() {
        window.scrollTo(0, 0);
        var width = document.documentElement.clientWidth + document.documentElement.scrollLeft;
        var height = document.documentElement.clientHeight + document.documentElement.scrollTop;

        var layer = document.createElement(&apos;div&apos;);
        layer.style.zIndex = 1002;
        layer.id = &apos;RecaptchaLogLayer&apos;;
        layer.style.position = &apos;absolute&apos;;
        layer.style.top = &apos;0px&apos;;
        layer.style.left = &apos;0px&apos;;
        layer.style.height = document.documentElement.scrollHeight + &apos;px&apos;;
        layer.style.width = width + &apos;px&apos;;
        layer.style.backgroundColor = &apos;black&apos;;
        layer.style.opacity = &apos;.6&apos;;
        layer.style.filter += (&apos;progid:DXImageTransform.Microsoft.Alpha(opacity=60)&apos;);
        document.body.style.position = &apos;static&apos;;
        document.body.appendChild(layer);

        var size = { &apos;height&apos;: 500, &apos;width&apos;: 750 };
        var iframe = document.createElement(&apos;iframe&apos;);
        iframe.name = &apos;Recaptcha Log Viewer&apos;;
        iframe.id = &apos;RecaptchaLogDetails&apos;;
        iframe.src = &apos;../Pages/RecaptchaLogViewer.aspx&apos;;
        iframe.style.height = size.height + &apos;px&apos;;
        iframe.style.width = size.width + &apos;px&apos;;
        iframe.style.position = &apos;fixed&apos;;
        iframe.style.zIndex = 1003;
        iframe.style.backgroundColor = &apos;white&apos;;
        iframe.style.border = &apos;4px solid silver&apos;;
        iframe.frameborder = &apos;0&apos;;

        iframe.style.top = ((height + document.documentElement.scrollTop) / 2) - (size.height / 2) + &apos;px&apos;;
        iframe.style.left = (width / 2) - (size.width / 2) + &apos;px&apos;;

        document.body.appendChild(iframe);
        return false;
    }
&amp;lt;/script&amp;gt;
You can create your own public key at &amp;lt;a href=&apos;http://www.Recaptcha.net&apos;&amp;gt;http://www.Recaptcha.net&amp;lt;/a&amp;gt;. This is used for communication between your website and the recapcha server.&amp;lt;br /&amp;gt;&amp;lt;br /&amp;gt;Please rememeber you need to &amp;lt;span style=&quot;color:red&quot;&amp;gt;enable extension&amp;lt;/span&amp;gt; for reCaptcha to show up on the comments form.&amp;lt;br /&amp;gt;&amp;lt;br /&amp;gt;You can see some statistics on Captcha solving by storing successful attempts. If you&apos;re getting spam, this should also confirm that the spammers are at least solving the captcha.&amp;lt;br /&amp;gt;&amp;lt;br /&amp;gt;&amp;lt;a href=&apos;../Pages/RecaptchaLogViewer.aspx&apos; target=&apos;_blank&apos; onclick=&apos;return showRecaptchaLog()&apos;&amp;gt;Click here to view the log&amp;lt;/a&amp;gt;&lt;/Help&gt;
    &lt;Hidden&gt;false&lt;/Hidden&gt;
    &lt;Index&gt;0&lt;/Index&gt;
    &lt;IsScalar&gt;true&lt;/IsScalar&gt;
    &lt;KeyField&gt;PublicKey&lt;/KeyField&gt;
    &lt;Name&gt;Recaptcha&lt;/Name&gt;
    &lt;Parameters&gt;
      &lt;KeyField&gt;true&lt;/KeyField&gt;
      &lt;Label&gt;Public Key&lt;/Label&gt;
      &lt;MaxLength&gt;50&lt;/MaxLength&gt;
      &lt;Name&gt;PublicKey&lt;/Name&gt;
      &lt;ParamType&gt;String&lt;/ParamType&gt;
      &lt;Required&gt;true&lt;/Required&gt;
      &lt;SelectedValue /&gt;
      &lt;Values&gt;6LcLT8gSAAAAAHMSeBFJMF7t1YrfpII-slnJ9OqO &lt;/Values&gt;
    &lt;/Parameters&gt;
    &lt;Parameters&gt;
      &lt;KeyField&gt;true&lt;/KeyField&gt;
      &lt;Label&gt;Private Key&lt;/Label&gt;
      &lt;MaxLength&gt;50&lt;/MaxLength&gt;
      &lt;Name&gt;PrivateKey&lt;/Name&gt;
      &lt;ParamType&gt;String&lt;/ParamType&gt;
      &lt;Required&gt;true&lt;/Required&gt;
      &lt;SelectedValue /&gt;
      &lt;Values&gt;6LcLT8gSAAAAAK40v8siC4Q-XRWfXkOFzngttahY&lt;/Values&gt;
    &lt;/Parameters&gt;
    &lt;Parameters&gt;
      &lt;KeyField&gt;false&lt;/KeyField&gt;
      &lt;Label&gt;Show Captcha For Authenticated Users&lt;/Label&gt;
      &lt;MaxLength&gt;1&lt;/MaxLength&gt;
      &lt;Name&gt;ShowForAuthenticatedUsers&lt;/Name&gt;
      &lt;ParamType&gt;Boolean&lt;/ParamType&gt;
      &lt;Required&gt;true&lt;/Required&gt;
      &lt;SelectedValue /&gt;
      &lt;Values&gt;True&lt;/Values&gt;
    &lt;/Parameters&gt;
    &lt;Parameters&gt;
      &lt;KeyField&gt;false&lt;/KeyField&gt;
      &lt;Label&gt;Logging: Maximum successful recaptcha attempts to store (set to 0 to disable logging)&lt;/Label&gt;
      &lt;MaxLength&gt;4&lt;/MaxLength&gt;
      &lt;Name&gt;MaxLogEntries&lt;/Name&gt;
      &lt;ParamType&gt;Integer&lt;/ParamType&gt;
      &lt;Required&gt;true&lt;/Required&gt;
      &lt;SelectedValue /&gt;
      &lt;Values&gt;50&lt;/Values&gt;
    &lt;/Parameters&gt;
    &lt;Parameters&gt;
      &lt;KeyField&gt;false&lt;/KeyField&gt;
      &lt;Label&gt;Theme&lt;/Label&gt;
      &lt;MaxLength&gt;20&lt;/MaxLength&gt;
      &lt;Name&gt;Theme&lt;/Name&gt;
      &lt;ParamType&gt;DropDown&lt;/ParamType&gt;
      &lt;Required&gt;true&lt;/Required&gt;
      &lt;SelectedValue&gt;white&lt;/SelectedValue&gt;
      &lt;Values&gt;red&lt;/Values&gt;
      &lt;Values&gt;white&lt;/Values&gt;
      &lt;Values&gt;blackglass&lt;/Values&gt;
      &lt;Values&gt;clean&lt;/Values&gt;
    &lt;/Parameters&gt;
    &lt;Parameters&gt;
      &lt;KeyField&gt;false&lt;/KeyField&gt;
      &lt;Label&gt;Language&lt;/Label&gt;
      &lt;MaxLength&gt;5&lt;/MaxLength&gt;
      &lt;Name&gt;Language&lt;/Name&gt;
      &lt;ParamType&gt;DropDown&lt;/ParamType&gt;
      &lt;Required&gt;true&lt;/Required&gt;
      &lt;SelectedValue&gt;en&lt;/SelectedValue&gt;
      &lt;Values&gt;en|English&lt;/Values&gt;
      &lt;Values&gt;nl|Dutch&lt;/Values&gt;
      &lt;Values&gt;fr|French&lt;/Values&gt;
      &lt;Values&gt;de|German&lt;/Values&gt;
      &lt;Values&gt;pt|Portuguese&lt;/Values&gt;
      &lt;Values&gt;ru|Russian&lt;/Values&gt;
      &lt;Values&gt;es|Spanish&lt;/Values&gt;
      &lt;Values&gt;tr|Turkish&lt;/Values&gt;
    &lt;/Parameters&gt;
    &lt;ShowAdd&gt;true&lt;/ShowAdd&gt;
    &lt;ShowDelete&gt;true&lt;/ShowDelete&gt;
    &lt;ShowEdit&gt;true&lt;/ShowEdit&gt;
  &lt;/Settings&gt;
  &lt;Settings&gt;
    &lt;Delimiter&gt;44&lt;/Delimiter&gt;
    &lt;Help /&gt;
    &lt;Hidden&gt;true&lt;/Hidden&gt;
    &lt;Index&gt;1&lt;/Index&gt;
    &lt;IsScalar&gt;false&lt;/IsScalar&gt;
    &lt;KeyField&gt;Response&lt;/KeyField&gt;
    &lt;Name&gt;RecaptchaLog&lt;/Name&gt;
    &lt;Parameters&gt;
      &lt;KeyField&gt;false&lt;/KeyField&gt;
      &lt;Label&gt;Response&lt;/Label&gt;
      &lt;MaxLength&gt;100&lt;/MaxLength&gt;
      &lt;Name&gt;Response&lt;/Name&gt;
      &lt;ParamType&gt;String&lt;/ParamType&gt;
      &lt;Required&gt;false&lt;/Required&gt;
      &lt;SelectedValue /&gt;
      &lt;Values /&gt;
      &lt;Values /&gt;
      &lt;Values /&gt;
      &lt;Values /&gt;
      &lt;Values /&gt;
      &lt;Values /&gt;
      &lt;Values /&gt;
      &lt;Values /&gt;
      &lt;Values /&gt;
      &lt;Values /&gt;
      &lt;Values /&gt;
      &lt;Values /&gt;
      &lt;Values /&gt;
      &lt;Values /&gt;
      &lt;Values /&gt;
      &lt;Values /&gt;
      &lt;Values /&gt;
      &lt;Values /&gt;
      &lt;Values /&gt;
      &lt;Values /&gt;
      &lt;Values /&gt;
      &lt;Values /&gt;
      &lt;Values /&gt;
      &lt;Values /&gt;
      &lt;Values /&gt;
      &lt;Values /&gt;
      &lt;Values /&gt;
      &lt;Values /&gt;
      &lt;Values /&gt;
      &lt;Values /&gt;
      &lt;Values /&gt;
      &lt;Values /&gt;
      &lt;Values /&gt;
      &lt;Values /&gt;
      &lt;Values /&gt;
      &lt;Values /&gt;
      &lt;Values /&gt;
      &lt;Values /&gt;
      &lt;Values /&gt;
      &lt;Values /&gt;
      &lt;Values /&gt;
      &lt;Values /&gt;
      &lt;Values /&gt;
      &lt;Values /&gt;
      &lt;Values /&gt;
      &lt;Values /&gt;
      &lt;Values /&gt;
      &lt;Values /&gt;
      &lt;Values /&gt;
      &lt;Values /&gt;
    &lt;/Parameters&gt;
    &lt;Parameters&gt;
      &lt;KeyField&gt;false&lt;/KeyField&gt;
      &lt;Label&gt;Challenge&lt;/Label&gt;
      &lt;MaxLength&gt;100&lt;/MaxLength&gt;
      &lt;Name&gt;Challenge&lt;/Name&gt;
      &lt;ParamType&gt;String&lt;/ParamType&gt;
      &lt;Required&gt;false&lt;/Required&gt;
      &lt;SelectedValue /&gt;
      &lt;Values /&gt;
      &lt;Values /&gt;
      &lt;Values /&gt;
      &lt;Values /&gt;
      &lt;Values /&gt;
      &lt;Values /&gt;
      &lt;Values /&gt;
      &lt;Values /&gt;
      &lt;Values /&gt;
      &lt;Values /&gt;
      &lt;Values /&gt;
      &lt;Values /&gt;
      &lt;Values /&gt;
      &lt;Values /&gt;
      &lt;Values /&gt;
      &lt;Values /&gt;
      &lt;Values /&gt;
      &lt;Values /&gt;
      &lt;Values /&gt;
      &lt;Values /&gt;
      &lt;Values /&gt;
      &lt;Values /&gt;
      &lt;Values /&gt;
      &lt;Values /&gt;
      &lt;Values /&gt;
      &lt;Values /&gt;
      &lt;Values /&gt;
      &lt;Values /&gt;
      &lt;Values /&gt;
      &lt;Values /&gt;
      &lt;Values /&gt;
      &lt;Values /&gt;
      &lt;Values /&gt;
      &lt;Values /&gt;
      &lt;Values /&gt;
      &lt;Values /&gt;
      &lt;Values /&gt;
      &lt;Values /&gt;
      &lt;Values /&gt;
      &lt;Values /&gt;
      &lt;Values /&gt;
      &lt;Values /&gt;
      &lt;Values /&gt;
      &lt;Values /&gt;
      &lt;Values /&gt;
      &lt;Values /&gt;
      &lt;Values /&gt;
      &lt;Values /&gt;
      &lt;Values /&gt;
      &lt;Values /&gt;
    &lt;/Parameters&gt;
    &lt;Parameters&gt;
      &lt;KeyField&gt;false&lt;/KeyField&gt;
      &lt;Label&gt;CommentID&lt;/Label&gt;
      &lt;MaxLength&gt;100&lt;/MaxLength&gt;
      &lt;Name&gt;CommentID&lt;/Name&gt;
      &lt;ParamType&gt;String&lt;/ParamType&gt;
      &lt;Required&gt;false&lt;/Required&gt;
      &lt;SelectedValue /&gt;
      &lt;Values&gt;98b76033-42b8-4238-9c29-4c6184bae7f3&lt;/Values&gt;
      &lt;Values&gt;9231b6da-fb2e-4866-8bec-e697e69ca861&lt;/Values&gt;
      &lt;Values&gt;73313c6f-445d-4060-a7d7-a3dbfa45d88f&lt;/Values&gt;
      &lt;Values&gt;385a9f6f-b28f-4aee-b160-e557256db6a7&lt;/Values&gt;
      &lt;Values&gt;3b9c7df2-ae08-40aa-8689-17e2d0817e61&lt;/Values&gt;
      &lt;Values&gt;6f7282e0-695a-442f-8b23-38412983ce8c&lt;/Values&gt;
      &lt;Values&gt;d728871b-7b04-4f2a-8b82-f3142f9dadc7&lt;/Values&gt;
      &lt;Values&gt;a5ce8b84-46aa-416e-98bf-22c7a2350bcb&lt;/Values&gt;
      &lt;Values&gt;5b84ae26-e475-4bc4-ba8e-b9bde3f6d210&lt;/Values&gt;
      &lt;Values&gt;34c85951-c1ac-4087-b23f-ea8b9083dcaf&lt;/Values&gt;
      &lt;Values&gt;801d5c8a-6095-4815-8a16-0b782fb936ec&lt;/Values&gt;
      &lt;Values&gt;68817c5e-0d78-424e-bdfd-59884eaf4b0b&lt;/Values&gt;
      &lt;Values&gt;a4933a90-95e8-4c03-a94f-96f2e3f78804&lt;/Values&gt;
      &lt;Values&gt;7c0c3b26-2416-4109-a764-5bce59ba56b2&lt;/Values&gt;
      &lt;Values&gt;630208c4-2f43-422f-94b8-ae1a6d34494f&lt;/Values&gt;
      &lt;Values&gt;18bb670c-1bb8-40b1-8063-ec91ce0e1f2f&lt;/Values&gt;
      &lt;Values&gt;1a7b24f5-6c25-4832-9cde-276cc2e088b3&lt;/Values&gt;
      &lt;Values&gt;510ea900-ca78-4b44-9e27-685cc604c9f3&lt;/Values&gt;
      &lt;Values&gt;2f570057-7902-4169-8c72-283fc8fd1247&lt;/Values&gt;
      &lt;Values&gt;9cb4e24f-d60c-43a2-b111-b377a3109d6d&lt;/Values&gt;
      &lt;Values&gt;16cc7671-1b2e-498b-9b33-c8cbed9d541a&lt;/Values&gt;
      &lt;Values&gt;de3ad1d4-b363-40d3-837a-b2eea055bf91&lt;/Values&gt;
      &lt;Values&gt;206f5276-b50a-457d-90bd-1c30ef194099&lt;/Values&gt;
      &lt;Values&gt;4ab8b6f6-aac1-41a4-b9c8-090de45f386c&lt;/Values&gt;
      &lt;Values&gt;53c4ae65-0265-4b07-baea-8e4097c55e68&lt;/Values&gt;
      &lt;Values&gt;7be6db92-60c6-40d6-9c42-699ec553c9d9&lt;/Values&gt;
      &lt;Values&gt;e144cb62-f212-4607-a7d3-96336a10c5ec&lt;/Values&gt;
      &lt;Values&gt;a1cfa41f-30e9-45d2-a667-5efe120f624c&lt;/Values&gt;
      &lt;Values&gt;ddf529e3-7316-4ea0-86ae-e0c803abb56b&lt;/Values&gt;
      &lt;Values&gt;b50eed6a-14ea-4528-a350-0fb7e65b98e4&lt;/Values&gt;
      &lt;Values&gt;fc01a019-71f3-49fb-ae11-0b79f4736e00&lt;/Values&gt;
      &lt;Values&gt;cc03f4f3-01d7-4795-95b4-a3737fa4b2a5&lt;/Values&gt;
      &lt;Values&gt;18c4900e-7bee-45e1-bd25-2b07e1b94374&lt;/Values&gt;
      &lt;Values&gt;057ef7ef-ed40-46d6-bb1d-82da65a91fa3&lt;/Values&gt;
      &lt;Values&gt;a3ea709f-d92a-4c59-98f5-a3d969b2e4f2&lt;/Values&gt;
      &lt;Values&gt;50e4a797-5454-4620-8834-923d4f2ef3cd&lt;/Values&gt;
      &lt;Values&gt;47dc5fc4-6b79-4e74-b7c5-3e05d8ae3d8a&lt;/Values&gt;
      &lt;Values&gt;1cfae55d-c54f-453b-82f4-12af26794701&lt;/Values&gt;
      &lt;Values&gt;feec2265-e94f-49c5-9932-0eadd715254d&lt;/Values&gt;
      &lt;Values&gt;ee41947d-f71e-432a-af45-a5f257d06b86&lt;/Values&gt;
      &lt;Values&gt;5c92f766-09e1-4177-b67e-31ab4d3e4ed8&lt;/Values&gt;
      &lt;Values&gt;b71ab844-5929-4281-88bd-72338507782e&lt;/Values&gt;
      &lt;Values&gt;a51f3d7a-0fed-4a4b-a9bd-9245e31cca02&lt;/Values&gt;
      &lt;Values&gt;9b656133-fb4c-4c93-807c-33cc65e2caeb&lt;/Values&gt;
      &lt;Values&gt;20e0f8de-d0a2-4d3e-a42a-46fe4a15ebf8&lt;/Values&gt;
      &lt;Values&gt;3b0efdd2-ab0c-4d8c-bfbb-0facc27632fd&lt;/Values&gt;
      &lt;Values&gt;577519d2-3036-4102-a6c3-4359ba9ddb4c&lt;/Values&gt;
      &lt;Values&gt;d878570c-f27a-47cf-8e57-1dc5e76c2c3d&lt;/Values&gt;
      &lt;Values&gt;fbc87c6e-56b2-4301-8474-ba3040233a8a&lt;/Values&gt;
      &lt;Values&gt;093e5f7a-11f9-43dc-9b75-c8dd993ed673&lt;/Values&gt;
    &lt;/Parameters&gt;
    &lt;Parameters&gt;
      &lt;KeyField&gt;false&lt;/KeyField&gt;
      &lt;Label&gt;TimeToComment&lt;/Label&gt;
      &lt;MaxLength&gt;100&lt;/MaxLength&gt;
      &lt;Name&gt;TimeToComment&lt;/Name&gt;
      &lt;ParamType&gt;String&lt;/ParamType&gt;
      &lt;Required&gt;false&lt;/Required&gt;
      &lt;SelectedValue /&gt;
      &lt;Values&gt;10.1188836&lt;/Values&gt;
      &lt;Values&gt;22.9836608&lt;/Values&gt;
      &lt;Values&gt;6.3494746&lt;/Values&gt;
      &lt;Values&gt;13.6078216&lt;/Values&gt;
      &lt;Values&gt;60.23723&lt;/Values&gt;
      &lt;Values&gt;44.7266335&lt;/Values&gt;
      &lt;Values&gt;26.3806146&lt;/Values&gt;
      &lt;Values&gt;53.1824454&lt;/Values&gt;
      &lt;Values&gt;9.5476284&lt;/Values&gt;
      &lt;Values&gt;27.5664369&lt;/Values&gt;
      &lt;Values&gt;23.1046367&lt;/Values&gt;
      &lt;Values&gt;448.3017152&lt;/Values&gt;
      &lt;Values&gt;55.3512836&lt;/Values&gt;
      &lt;Values&gt;8.580385&lt;/Values&gt;
      &lt;Values&gt;1998.5432742&lt;/Values&gt;
      &lt;Values&gt;27.1140166&lt;/Values&gt;
      &lt;Values&gt;13.884623&lt;/Values&gt;
      &lt;Values&gt;9.7348368&lt;/Values&gt;
      &lt;Values&gt;8.7537318&lt;/Values&gt;
      &lt;Values&gt;13.4010013&lt;/Values&gt;
      &lt;Values&gt;11.4821152&lt;/Values&gt;
      &lt;Values&gt;5.0702275&lt;/Values&gt;
      &lt;Values&gt;23.2138416&lt;/Values&gt;
      &lt;Values&gt;10.6396774&lt;/Values&gt;
      &lt;Values&gt;4.212189&lt;/Values&gt;
      &lt;Values&gt;6.0374709&lt;/Values&gt;
      &lt;Values&gt;3.9781785&lt;/Values&gt;
      &lt;Values&gt;65.3513323&lt;/Values&gt;
      &lt;Values&gt;227.8794249&lt;/Values&gt;
      &lt;Values&gt;14.0930284&lt;/Values&gt;
      &lt;Values&gt;11.856532&lt;/Values&gt;
      &lt;Values&gt;52.3715499&lt;/Values&gt;
      &lt;Values&gt;10.4680697&lt;/Values&gt;
      &lt;Values&gt;262.8093922&lt;/Values&gt;
      &lt;Values&gt;348.987659&lt;/Values&gt;
      &lt;Values&gt;67.9410485&lt;/Values&gt;
      &lt;Values&gt;232.2632974&lt;/Values&gt;
      &lt;Values&gt;29.173496&lt;/Values&gt;
      &lt;Values&gt;5.8814639&lt;/Values&gt;
      &lt;Values&gt;15.5850993&lt;/Values&gt;
      &lt;Values&gt;241.3740304&lt;/Values&gt;
      &lt;Values&gt;12.6209663&lt;/Values&gt;
      &lt;Values&gt;176.7091289&lt;/Values&gt;
      &lt;Values&gt;351.4525696&lt;/Values&gt;
      &lt;Values&gt;93.4637937&lt;/Values&gt;
      &lt;Values&gt;73.8849152&lt;/Values&gt;
      &lt;Values&gt;240.0791723&lt;/Values&gt;
      &lt;Values&gt;88.3311634&lt;/Values&gt;
      &lt;Values&gt;8.7519927&lt;/Values&gt;
      &lt;Values&gt;13.572609&lt;/Values&gt;
    &lt;/Parameters&gt;
    &lt;Parameters&gt;
      &lt;KeyField&gt;false&lt;/KeyField&gt;
      &lt;Label&gt;TimeToSolveCapcha&lt;/Label&gt;
      &lt;MaxLength&gt;100&lt;/MaxLength&gt;
      &lt;Name&gt;TimeToSolveCapcha&lt;/Name&gt;
      &lt;ParamType&gt;String&lt;/ParamType&gt;
      &lt;Required&gt;false&lt;/Required&gt;
      &lt;SelectedValue /&gt;
      &lt;Values&gt;10.1188836&lt;/Values&gt;
      &lt;Values&gt;22.9836608&lt;/Values&gt;
      &lt;Values&gt;6.3494746&lt;/Values&gt;
      &lt;Values&gt;13.6078216&lt;/Values&gt;
      &lt;Values&gt;60.23723&lt;/Values&gt;
      &lt;Values&gt;44.7266335&lt;/Values&gt;
      &lt;Values&gt;26.3806146&lt;/Values&gt;
      &lt;Values&gt;53.1824454&lt;/Values&gt;
      &lt;Values&gt;9.5476284&lt;/Values&gt;
      &lt;Values&gt;27.5664369&lt;/Values&gt;
      &lt;Values&gt;23.1046367&lt;/Values&gt;
      &lt;Values&gt;448.3017152&lt;/Values&gt;
      &lt;Values&gt;55.3512836&lt;/Values&gt;
      &lt;Values&gt;8.580385&lt;/Values&gt;
      &lt;Values&gt;1998.5432742&lt;/Values&gt;
      &lt;Values&gt;27.1140166&lt;/Values&gt;
      &lt;Values&gt;13.884623&lt;/Values&gt;
      &lt;Values&gt;9.7348368&lt;/Values&gt;
      &lt;Values&gt;8.7537318&lt;/Values&gt;
      &lt;Values&gt;13.4010013&lt;/Values&gt;
      &lt;Values&gt;11.4821152&lt;/Values&gt;
      &lt;Values&gt;5.0702275&lt;/Values&gt;
      &lt;Values&gt;23.2138416&lt;/Values&gt;
      &lt;Values&gt;10.6396774&lt;/Values&gt;
      &lt;Values&gt;4.212189&lt;/Values&gt;
      &lt;Values&gt;6.0374709&lt;/Values&gt;
      &lt;Values&gt;3.9781785&lt;/Values&gt;
      &lt;Values&gt;65.3513323&lt;/Values&gt;
      &lt;Values&gt;227.8794249&lt;/Values&gt;
      &lt;Values&gt;14.0930284&lt;/Values&gt;
      &lt;Values&gt;11.856532&lt;/Values&gt;
      &lt;Values&gt;52.3715499&lt;/Values&gt;
      &lt;Values&gt;10.4680697&lt;/Values&gt;
      &lt;Values&gt;262.8093922&lt;/Values&gt;
      &lt;Values&gt;348.987659&lt;/Values&gt;
      &lt;Values&gt;67.9410485&lt;/Values&gt;
      &lt;Values&gt;232.2632974&lt;/Values&gt;
      &lt;Values&gt;29.173496&lt;/Values&gt;
      &lt;Values&gt;5.8814639&lt;/Values&gt;
      &lt;Values&gt;15.5850993&lt;/Values&gt;
      &lt;Values&gt;241.3740304&lt;/Values&gt;
      &lt;Values&gt;12.6209663&lt;/Values&gt;
      &lt;Values&gt;176.7091289&lt;/Values&gt;
      &lt;Values&gt;351.4525696&lt;/Values&gt;
      &lt;Values&gt;93.4637937&lt;/Values&gt;
      &lt;Values&gt;73.8849152&lt;/Values&gt;
      &lt;Values&gt;240.0791723&lt;/Values&gt;
      &lt;Values&gt;88.3467641&lt;/Values&gt;
      &lt;Values&gt;8.7519927&lt;/Values&gt;
      &lt;Values&gt;13.572609&lt;/Values&gt;
    &lt;/Parameters&gt;
    &lt;Parameters&gt;
      &lt;KeyField&gt;false&lt;/KeyField&gt;
      &lt;Label&gt;NumberOfAttempts&lt;/Label&gt;
      &lt;MaxLength&gt;100&lt;/MaxLength&gt;
      &lt;Name&gt;NumberOfAttempts&lt;/Name&gt;
      &lt;ParamType&gt;String&lt;/ParamType&gt;
      &lt;Required&gt;false&lt;/Required&gt;
      &lt;SelectedValue /&gt;
      &lt;Values&gt;1&lt;/Values&gt;
      &lt;Values&gt;1&lt;/Values&gt;
      &lt;Values&gt;1&lt;/Values&gt;
      &lt;Values&gt;1&lt;/Values&gt;
      &lt;Values&gt;1&lt;/Values&gt;
      &lt;Values&gt;1&lt;/Values&gt;
      &lt;Values&gt;1&lt;/Values&gt;
      &lt;Values&gt;1&lt;/Values&gt;
      &lt;Values&gt;1&lt;/Values&gt;
      &lt;Values&gt;1&lt;/Values&gt;
      &lt;Values&gt;1&lt;/Values&gt;
      &lt;Values&gt;1&lt;/Values&gt;
      &lt;Values&gt;1&lt;/Values&gt;
      &lt;Values&gt;1&lt;/Values&gt;
      &lt;Values&gt;1&lt;/Values&gt;
      &lt;Values&gt;1&lt;/Values&gt;
      &lt;Values&gt;1&lt;/Values&gt;
      &lt;Values&gt;1&lt;/Values&gt;
      &lt;Values&gt;1&lt;/Values&gt;
      &lt;Values&gt;1&lt;/Values&gt;
      &lt;Values&gt;1&lt;/Values&gt;
      &lt;Values&gt;1&lt;/Values&gt;
      &lt;Values&gt;1&lt;/Values&gt;
      &lt;Values&gt;1&lt;/Values&gt;
      &lt;Values&gt;1&lt;/Values&gt;
      &lt;Values&gt;1&lt;/Values&gt;
      &lt;Values&gt;1&lt;/Values&gt;
      &lt;Values&gt;1&lt;/Values&gt;
      &lt;Values&gt;1&lt;/Values&gt;
      &lt;Values&gt;1&lt;/Values&gt;
      &lt;Values&gt;1&lt;/Values&gt;
      &lt;Values&gt;1&lt;/Values&gt;
      &lt;Values&gt;1&lt;/Values&gt;
      &lt;Values&gt;1&lt;/Values&gt;
      &lt;Values&gt;1&lt;/Values&gt;
      &lt;Values&gt;1&lt;/Values&gt;
      &lt;Values&gt;1&lt;/Values&gt;
      &lt;Values&gt;1&lt;/Values&gt;
      &lt;Values&gt;1&lt;/Values&gt;
      &lt;Values&gt;1&lt;/Values&gt;
      &lt;Values&gt;1&lt;/Values&gt;
      &lt;Values&gt;1&lt;/Values&gt;
      &lt;Values&gt;1&lt;/Values&gt;
      &lt;Values&gt;1&lt;/Values&gt;
      &lt;Values&gt;1&lt;/Values&gt;
      &lt;Values&gt;1&lt;/Values&gt;
      &lt;Values&gt;1&lt;/Values&gt;
      &lt;Values&gt;1&lt;/Values&gt;
      &lt;Values&gt;1&lt;/Values&gt;
      &lt;Values&gt;1&lt;/Values&gt;
    &lt;/Parameters&gt;
    &lt;Parameters&gt;
      &lt;KeyField&gt;false&lt;/KeyField&gt;
      &lt;Label&gt;Enabled&lt;/Label&gt;
      &lt;MaxLength&gt;100&lt;/MaxLength&gt;
      &lt;Name&gt;Enabled&lt;/Name&gt;
      &lt;ParamType&gt;String&lt;/ParamType&gt;
      &lt;Required&gt;false&lt;/Required&gt;
      &lt;SelectedValue /&gt;
      &lt;Values&gt;True&lt;/Values&gt;
      &lt;Values&gt;True&lt;/Values&gt;
      &lt;Values&gt;True&lt;/Values&gt;
      &lt;Values&gt;True&lt;/Values&gt;
      &lt;Values&gt;True&lt;/Values&gt;
      &lt;Values&gt;True&lt;/Values&gt;
      &lt;Values&gt;True&lt;/Values&gt;
      &lt;Values&gt;True&lt;/Values&gt;
      &lt;Values&gt;True&lt;/Values&gt;
      &lt;Values&gt;True&lt;/Values&gt;
      &lt;Values&gt;True&lt;/Values&gt;
      &lt;Values&gt;True&lt;/Values&gt;
      &lt;Values&gt;True&lt;/Values&gt;
      &lt;Values&gt;True&lt;/Values&gt;
      &lt;Values&gt;True&lt;/Values&gt;
      &lt;Values&gt;True&lt;/Values&gt;
      &lt;Values&gt;True&lt;/Values&gt;
      &lt;Values&gt;True&lt;/Values&gt;
      &lt;Values&gt;True&lt;/Values&gt;
      &lt;Values&gt;True&lt;/Values&gt;
      &lt;Values&gt;True&lt;/Values&gt;
      &lt;Values&gt;True&lt;/Values&gt;
      &lt;Values&gt;True&lt;/Values&gt;
      &lt;Values&gt;True&lt;/Values&gt;
      &lt;Values&gt;True&lt;/Values&gt;
      &lt;Values&gt;True&lt;/Values&gt;
      &lt;Values&gt;True&lt;/Values&gt;
      &lt;Values&gt;True&lt;/Values&gt;
      &lt;Values&gt;True&lt;/Values&gt;
      &lt;Values&gt;True&lt;/Values&gt;
      &lt;Values&gt;True&lt;/Values&gt;
      &lt;Values&gt;True&lt;/Values&gt;
      &lt;Values&gt;True&lt;/Values&gt;
      &lt;Values&gt;True&lt;/Values&gt;
      &lt;Values&gt;True&lt;/Values&gt;
      &lt;Values&gt;True&lt;/Values&gt;
      &lt;Values&gt;True&lt;/Values&gt;
      &lt;Values&gt;True&lt;/Values&gt;
      &lt;Values&gt;True&lt;/Values&gt;
      &lt;Values&gt;True&lt;/Values&gt;
      &lt;Values&gt;True&lt;/Values&gt;
      &lt;Values&gt;True&lt;/Values&gt;
      &lt;Values&gt;True&lt;/Values&gt;
      &lt;Values&gt;True&lt;/Values&gt;
      &lt;Values&gt;True&lt;/Values&gt;
      &lt;Values&gt;True&lt;/Values&gt;
      &lt;Values&gt;True&lt;/Values&gt;
      &lt;Values&gt;True&lt;/Values&gt;
      &lt;Values&gt;True&lt;/Values&gt;
      &lt;Values&gt;True&lt;/Values&gt;
    &lt;/Parameters&gt;
    &lt;Parameters&gt;
      &lt;KeyField&gt;false&lt;/KeyField&gt;
      &lt;Label&gt;Necessary&lt;/Label&gt;
      &lt;MaxLength&gt;100&lt;/MaxLength&gt;
      &lt;Name&gt;Necessary&lt;/Name&gt;
      &lt;ParamType&gt;String&lt;/ParamType&gt;
      &lt;Required&gt;false&lt;/Required&gt;
      &lt;SelectedValue /&gt;
      &lt;Values&gt;True&lt;/Values&gt;
      &lt;Values&gt;True&lt;/Values&gt;
      &lt;Values&gt;True&lt;/Values&gt;
      &lt;Values&gt;True&lt;/Values&gt;
      &lt;Values&gt;True&lt;/Values&gt;
      &lt;Values&gt;True&lt;/Values&gt;
      &lt;Values&gt;True&lt;/Values&gt;
      &lt;Values&gt;True&lt;/Values&gt;
      &lt;Values&gt;True&lt;/Values&gt;
      &lt;Values&gt;True&lt;/Values&gt;
      &lt;Values&gt;True&lt;/Values&gt;
      &lt;Values&gt;True&lt;/Values&gt;
      &lt;Values&gt;True&lt;/Values&gt;
      &lt;Values&gt;True&lt;/Values&gt;
      &lt;Values&gt;True&lt;/Values&gt;
      &lt;Values&gt;True&lt;/Values&gt;
      &lt;Values&gt;True&lt;/Values&gt;
      &lt;Values&gt;True&lt;/Values&gt;
      &lt;Values&gt;True&lt;/Values&gt;
      &lt;Values&gt;True&lt;/Values&gt;
      &lt;Values&gt;True&lt;/Values&gt;
      &lt;Values&gt;True&lt;/Values&gt;
      &lt;Values&gt;True&lt;/Values&gt;
      &lt;Values&gt;True&lt;/Values&gt;
      &lt;Values&gt;True&lt;/Values&gt;
      &lt;Values&gt;True&lt;/Values&gt;
      &lt;Values&gt;True&lt;/Values&gt;
      &lt;Values&gt;True&lt;/Values&gt;
      &lt;Values&gt;True&lt;/Values&gt;
      &lt;Values&gt;True&lt;/Values&gt;
      &lt;Values&gt;True&lt;/Values&gt;
      &lt;Values&gt;True&lt;/Values&gt;
      &lt;Values&gt;True&lt;/Values&gt;
      &lt;Values&gt;True&lt;/Values&gt;
      &lt;Values&gt;True&lt;/Values&gt;
      &lt;Values&gt;True&lt;/Values&gt;
      &lt;Values&gt;True&lt;/Values&gt;
      &lt;Values&gt;True&lt;/Values&gt;
      &lt;Values&gt;True&lt;/Values&gt;
      &lt;Values&gt;True&lt;/Values&gt;
      &lt;Values&gt;True&lt;/Values&gt;
      &lt;Values&gt;True&lt;/Values&gt;
      &lt;Values&gt;True&lt;/Values&gt;
      &lt;Values&gt;True&lt;/Values&gt;
      &lt;Values&gt;True&lt;/Values&gt;
      &lt;Values&gt;True&lt;/Values&gt;
      &lt;Values&gt;True&lt;/Values&gt;
      &lt;Values&gt;True&lt;/Values&gt;
      &lt;Values&gt;True&lt;/Values&gt;
      &lt;Values&gt;True&lt;/Values&gt;
    &lt;/Parameters&gt;
    &lt;ShowAdd&gt;true&lt;/ShowAdd&gt;
    &lt;ShowDelete&gt;true&lt;/ShowDelete&gt;
    &lt;ShowEdit&gt;true&lt;/ShowEdit&gt;
  &lt;/Settings&gt;
  &lt;ShowSettings&gt;true&lt;/ShowSettings&gt;
  &lt;Version&gt;1.1&lt;/Version&gt;
&lt;/ManagedExtension&gt;</Settings></Table><Table><ExtensionType>0</ExtensionType><ExtensionId>ResolveLinks</ExtensionId><Settings>&lt;?xml version=&quot;1.0&quot; encoding=&quot;utf-16&quot;?&gt;
&lt;ManagedExtension xmlns:xsi=&quot;http://www.w3.org/2001/XMLSchema-instance&quot; xmlns:xsd=&quot;http://www.w3.org/2001/XMLSchema&quot; Name=&quot;ResolveLinks&quot;&gt;
  &lt;AdminPage /&gt;
  &lt;Author&gt;BlogEngine.NET&lt;/Author&gt;
  &lt;Description&gt;Auto resolves URLs in the comments and turn them into valid hyperlinks.&lt;/Description&gt;
  &lt;Enabled&gt;true&lt;/Enabled&gt;
  &lt;Priority&gt;0&lt;/Priority&gt;
  &lt;ShowSettings&gt;true&lt;/ShowSettings&gt;
  &lt;Version&gt;1.5&lt;/Version&gt;
&lt;/ManagedExtension&gt;</Settings></Table><Table><ExtensionType>0</ExtensionType><ExtensionId>SendCommentMail</ExtensionId><Settings>&lt;?xml version=&quot;1.0&quot; encoding=&quot;utf-16&quot;?&gt;
&lt;ManagedExtension xmlns:xsi=&quot;http://www.w3.org/2001/XMLSchema-instance&quot; xmlns:xsd=&quot;http://www.w3.org/2001/XMLSchema&quot; Name=&quot;SendCommentMail&quot;&gt;
  &lt;AdminPage /&gt;
  &lt;Author&gt;BlogEngine.NET&lt;/Author&gt;
  &lt;Description&gt;Sends an e-mail to the blog owner whenever a comment is added&lt;/Description&gt;
  &lt;Enabled&gt;true&lt;/Enabled&gt;
  &lt;Priority&gt;0&lt;/Priority&gt;
  &lt;ShowSettings&gt;true&lt;/ShowSettings&gt;
  &lt;Version&gt;1.3&lt;/Version&gt;
&lt;/ManagedExtension&gt;</Settings></Table><Table><ExtensionType>0</ExtensionType><ExtensionId>SendPings</ExtensionId><Settings>&lt;?xml version=&quot;1.0&quot; encoding=&quot;utf-16&quot;?&gt;
&lt;ManagedExtension xmlns:xsi=&quot;http://www.w3.org/2001/XMLSchema-instance&quot; xmlns:xsd=&quot;http://www.w3.org/2001/XMLSchema&quot; Name=&quot;SendPings&quot;&gt;
  &lt;AdminPage /&gt;
  &lt;Author&gt;BlogEngine.NET&lt;/Author&gt;
  &lt;Description&gt;Pings all the ping services specified on the PingServices admin page and send track- and pingbacks&lt;/Description&gt;
  &lt;Enabled&gt;true&lt;/Enabled&gt;
  &lt;Priority&gt;0&lt;/Priority&gt;
  &lt;ShowSettings&gt;true&lt;/ShowSettings&gt;
  &lt;Version&gt;1.3&lt;/Version&gt;
&lt;/ManagedExtension&gt;</Settings></Table><Table><ExtensionType>0</ExtensionType><ExtensionId>YouTubePlayer</ExtensionId><Settings>&lt;?xml version=&quot;1.0&quot; encoding=&quot;utf-16&quot;?&gt;
&lt;ManagedExtension xmlns:xsi=&quot;http://www.w3.org/2001/XMLSchema-instance&quot; xmlns:xsd=&quot;http://www.w3.org/2001/XMLSchema&quot; Name=&quot;YouTubePlayer&quot;&gt;
  &lt;AdminPage /&gt;
  &lt;Author&gt;&amp;lt;a href=&quot;http://al.bsharah.com/&quot;&amp;gt;Al Bsharah&amp;lt;/a&amp;gt;&lt;/Author&gt;
  &lt;Description&gt;Adds a YouTube video player to the post.&lt;/Description&gt;
  &lt;Enabled&gt;true&lt;/Enabled&gt;
  &lt;Priority&gt;0&lt;/Priority&gt;
  &lt;Settings&gt;
    &lt;Delimiter&gt;44&lt;/Delimiter&gt;
    &lt;Help&gt;For Border, 0=No 1=Yes.&amp;lt;br&amp;gt;Border colors must be entered in Hexidecimal format (i.e. FF3300)&lt;/Help&gt;
    &lt;Hidden&gt;false&lt;/Hidden&gt;
    &lt;Index&gt;0&lt;/Index&gt;
    &lt;IsScalar&gt;true&lt;/IsScalar&gt;
    &lt;KeyField&gt;width&lt;/KeyField&gt;
    &lt;Name&gt;YouTubePlayer&lt;/Name&gt;
    &lt;Parameters&gt;
      &lt;KeyField&gt;false&lt;/KeyField&gt;
      &lt;Label&gt;Width&lt;/Label&gt;
      &lt;MaxLength&gt;100&lt;/MaxLength&gt;
      &lt;Name&gt;width&lt;/Name&gt;
      &lt;ParamType&gt;String&lt;/ParamType&gt;
      &lt;Required&gt;false&lt;/Required&gt;
      &lt;SelectedValue /&gt;
      &lt;Values&gt;425&lt;/Values&gt;
    &lt;/Parameters&gt;
    &lt;Parameters&gt;
      &lt;KeyField&gt;false&lt;/KeyField&gt;
      &lt;Label&gt;Height&lt;/Label&gt;
      &lt;MaxLength&gt;100&lt;/MaxLength&gt;
      &lt;Name&gt;height&lt;/Name&gt;
      &lt;ParamType&gt;String&lt;/ParamType&gt;
      &lt;Required&gt;false&lt;/Required&gt;
      &lt;SelectedValue /&gt;
      &lt;Values&gt;355&lt;/Values&gt;
    &lt;/Parameters&gt;
    &lt;Parameters&gt;
      &lt;KeyField&gt;false&lt;/KeyField&gt;
      &lt;Label&gt;Show Border&lt;/Label&gt;
      &lt;MaxLength&gt;100&lt;/MaxLength&gt;
      &lt;Name&gt;border&lt;/Name&gt;
      &lt;ParamType&gt;String&lt;/ParamType&gt;
      &lt;Required&gt;false&lt;/Required&gt;
      &lt;SelectedValue /&gt;
      &lt;Values&gt;0&lt;/Values&gt;
    &lt;/Parameters&gt;
    &lt;Parameters&gt;
      &lt;KeyField&gt;false&lt;/KeyField&gt;
      &lt;Label&gt;Primary Color&lt;/Label&gt;
      &lt;MaxLength&gt;100&lt;/MaxLength&gt;
      &lt;Name&gt;color1&lt;/Name&gt;
      &lt;ParamType&gt;String&lt;/ParamType&gt;
      &lt;Required&gt;false&lt;/Required&gt;
      &lt;SelectedValue /&gt;
      &lt;Values&gt;000000&lt;/Values&gt;
    &lt;/Parameters&gt;
    &lt;Parameters&gt;
      &lt;KeyField&gt;false&lt;/KeyField&gt;
      &lt;Label&gt;Secondary Color&lt;/Label&gt;
      &lt;MaxLength&gt;100&lt;/MaxLength&gt;
      &lt;Name&gt;color2&lt;/Name&gt;
      &lt;ParamType&gt;String&lt;/ParamType&gt;
      &lt;Required&gt;false&lt;/Required&gt;
      &lt;SelectedValue /&gt;
      &lt;Values&gt;000000&lt;/Values&gt;
    &lt;/Parameters&gt;
    &lt;ShowAdd&gt;true&lt;/ShowAdd&gt;
    &lt;ShowDelete&gt;true&lt;/ShowDelete&gt;
    &lt;ShowEdit&gt;true&lt;/ShowEdit&gt;
  &lt;/Settings&gt;
  &lt;ShowSettings&gt;true&lt;/ShowSettings&gt;
  &lt;Version&gt;1.1&lt;/Version&gt;
&lt;/ManagedExtension&gt;</Settings></Table></NewDataSet>